Piauí | Todos os Municípios
Município [-],Código [-],Gentílico [-],Prefeito [2025],Área Territorial - km² [2024],População no último censo - pessoas [2022],Densidade demográfica - hab/km² [2022],População estimada - pessoas [2024],Escolarização <span>6 a 14 anos</span> - % [2010],IDHM <span>Índice de desenvolvimento humano municipal</span> [2010],Mortalidade infantil - óbitos por mil nascidos vivos [2023],Total de receitas brutas realizadas - R$ [2024],Total de despesas brutas empenhadas - R$ [2024],PIB per capita - R$ [2021],
Acauã,2200053,acauãnense,REGINALDO RAIMUNDO RODRIGUES,1280.838,6420,5.01,6515,97.5,0.528,24.39,38794003.1,35941654.43,10332.99,
Agricolândia,2200103,agricolandiense,MARCOS ANTONIO CARVALHO DE SOUSA,112.392,4940,43.95,5023,97.5,0.599,-,42232174.25,39774199.27,9229.59,
Água Branca,2200202,água-branquense,JOSE RIBEIRO DA CRUZ JUNIOR,96.842,17573,181.46,18033,98.6,0.639,8.3,128040406.73,107175427.35,13921.29,
Alagoinha do Piauí,2200251,alagoinhense,PEDRO OTACILIO DE SOUSA MOURA,535.890,6819,12.72,6901,93.6,0.531,-,33681791.03,31291090.71,8523.28,
Alegrete do Piauí,2200277,alegretense,MARCIO WILLIAN MAIA ALENCAR,243.732,4634,19.01,4713,96.7,0.585,18.18,37896891.52,33969541.53,9791.41,
Alto Longá,2200301,longaense,BELAUTO MOREIRA TORRES,1743.331,13479,7.73,13734,97.9,0.585,16.39,62800543.98,61022209.19,9112.43,
Altos,2200400,altoense,MAXWELL PIRES FERREIRA,957.232,47453,49.57,49637,97.6,0.614,20.91,237822934.6,240687827.29,13219.3,
Alvorada do Gurguéia,2200459,alvoradense,LECIO GUSTAVO SOUSA BEZERRA,2131.506,5322,2.50,5459,97.4,0.578,-,40811020.47,36064302.95,15016.43,
Amarante,2200509,amarantino,ADRIANO DA GUIA DA SILVA,1152.127,17234,14.96,17577,97.2,0.598,34.63,107624630.45,98479276.18,10937.14,
Angical do Piauí,2200608,angicalense,BRUNO FERREIRA SOBRINHO NETO,222.008,6827,30.75,6982,96.9,0.630,32.26,45929670.16,41057399.07,9846.26,
Anísio de Abreu,2200707,anisiense,RAMON RUBEN DE MACÊDO,337.877,9407,27.84,9631,98.3,0.594,54.05,61904330.32,60738251.89,9900.44,
Antônio Almeida,2200806,antônio-almeidense,MARCELO TOLEDO LAURINI,644.800,3152,4.89,3228,99.6,0.620,-,43082685,38679476.33,45295.91,
Aroazes,2200905,aroazense,MANOEL PORTELA DE CARVALHO NETO,821.212,5369,6.54,5433,98.9,0.583,63.83,45786173.24,43019223.64,9847.89,
Aroeiras do Itaim,2200954,aroeirense,FRANCISCO MARCIANO MACEDO,316.235,2690,8.51,2766,94.2,0.519,55.56,29477625.29,27326383.77,9652.94,
Arraial,2201002,arraialense,ALDEMES BARROSO DA SILVA,682.727,4520,6.62,4593,97.7,0.560,17.54,44515225.72,40560184.23,10380.26,
Assunção do Piauí,2201051,assunçãoense,JOVELINO SOARES DA SILVA,1690.703,7452,4.41,7597,97.9,0.499,11.24,57396725.95,58492648.03,8156.68,
Avelino Lopes,2201101,avelino-lopense,FLÁVIO JOSÉ ALVES,1220.371,10866,8.90,11106,97.2,0.554,13.16,68038254.48,66810149.12,8590.91,
Baixa Grande do Ribeiro,2201150,baixagrandense do ribeiro,JOSÉ LUIS SOUSA,7808.915,13272,1.70,13838,96.4,0.564,11.24,172465795.6,146995258.95,150504.56,
Barra D'Alcântara,2201176,barra d’alcantarense,MARDONIO SOARES LOPES,263.943,3995,15.14,4091,96,0.577,37.04,33105961.36,31123237.47,9856.65,
Barras,2201200,barrense,EDILSON SÉRVULO DE SOUSA,1722.507,47938,27.83,49533,97.5,0.595,13.89,250231568.64,233731649.93,10520.51,
Barreiras do Piauí,2201309,barreirense,MANOEL AROLDO BARREIRA FILHO,2168.713,3264,1.51,3334,98.5,0.557,40,36917387.39,32760195.97,48620.97,
Barro Duro,2201408,barro-durense,ELOI PEREIRA DE SOUSA,159.436,6640,41.65,6744,96.9,0.612,18.52,43685215.28,45319009.4,12792.63,
Batalha,2201507,batalhense,JOSÉ LUIZ ALVES MACHADO,1589.011,26300,16.55,27123,99.2,0.545,6.56,121082852.8,111467384.79,9305.89,
Bela Vista do Piauí,2201556,bela  vistense,FRANCISCO DE SOUSA NETO,499.092,4091,8.20,4208,97.6,0.576,-,31507440.85,26411611.22,11591.5,
Belém do Piauí,2201572,belenense,JÔNATHAS DE CARVALHO NORONHA,243.234,3423,14.07,3508,97,0.551,31.25,42169935.72,39221026.61,11440.06,
Beneditinos,2201606,beneditinense,TALLES GUSTAVO MARQUES RODRIGUES,937.098,9929,10.60,10104,97.2,0.557,10.31,71498506.99,67701879.55,8769.43,
Bertolínia,2201705,bertolinense,RODRIGO DA ROCHA MARTINS,1216.116,5562,4.57,5701,97.6,0.612,-,47530601.53,44060977.42,13091.16,
Betânia do Piauí,2201739,betanhense,IJOSEVAN COELHO DAMASCENO,579.576,6220,10.73,6368,97,0.489,18.18,47065116.76,43658110.32,10067.79,
Boa Hora,2201770,boa horense,DOMINGOS COELHO DE RESENDE,336.954,6902,20.48,7108,99,0.575,33.71,43718675.66,38898894.17,9127.74,
Bocaina,2201804,bocainense,GUILHERME PORTELA DE DEUS MACÊDO,261.651,4078,15.59,4131,97.4,0.632,54.05,33261154.12,33706113.23,10594.7,
Bom Jesus,2201903,bom-jesuense,NESTOR RENATO PINHEIRO ELVAS,5471.023,28796,5.26,30321,97.9,0.668,10.14,231497160.58,221979240.82,55119.81,
Bom Princípio do Piauí,2201919,bomprincipiense,FRANCISCO APOLINARIO COSTA MORAES,523.142,5636,10.77,5786,97.7,0.532,29.85,35732436.58,34387669.23,12374.89,
Bonfim do Piauí,2201929,bonfinense,PAULO HENRIQUE RIBEIRO,289.149,5913,20.45,6089,97.6,0.542,26.32,38205675.18,35988883.22,9288.55,
Boqueirão do Piauí,2201945,boqueirãoense,GENIR FERREIRA DA SILVA,269.786,6545,24.26,6728,98.8,0.560,12.35,38780366.9,36702498.6,8028.09,
Brasileira,2201960,brasileirense,RANIERI MAZZILLE RAMOS DE MENESES,880.836,8436,9.58,8658,96.7,0.577,-,64061639.33,62699858.56,8288.44,
Brejo do Piauí,2201988,brejense,FABIANO FEITOSA LIRA,2267.326,3904,1.72,3969,98,0.515,20.41,41228683.76,39327788.84,11500.45,
Buriti dos Lopes,2202000,buritiense,LAURA ROSA COLLINS DE OLIVEIRA PORTELA,690.540,19654,28.46,20096,97.5,0.565,-,150874502.44,150259478.71,10828.33,
Buriti dos Montes,2202026,buritiense,JOSÉ OLAVO MARINHO DE LOIOLA JÚNIOR,2437.329,7434,3.05,7538,98.3,0.574,18.52,69534868.82,62151756.71,8414.58,
Cabeceiras do Piauí,2202059,cabeceirense,JOSE DA SILVA FILHO,608.747,10212,16.78,10449,98.3,0.583,-,67715445.82,58587546.03,8071.8,
Cajazeiras do Piauí,2202075,cajazerense,CARLOS ALBERTO SILVESTRE DE SOUSA,514.106,3108,6.05,3146,99.2,0.562,20,35917628.36,38061631.88,9532.17,
Cajueiro da Praia,2202083,pratense,FELIPE DE CARVALHO RIBEIRO,271.165,7957,29.34,8203,95,0.546,17.7,52895475.75,48491003.55,14976.18,
Caldeirão Grande do Piauí,2202091,caldeirão grandense,DOUGLAS FILIPE SOUSA GONÇALVES,467.082,5503,11.78,5605,98.1,0.588,29.41,56168919.81,50074307.67,33715.63,
Campinas do Piauí,2202109,campinense,JOMÁRIO FERREIRA DOS SANTOS,783.843,4938,6.30,4988,97.8,0.544,23.81,48306911.43,41573498.39,10216.08,
Campo Alegre do Fidalgo,2202117,campo alegrense,JEAN CARLOS BRAGA RIBEIRO,657.796,4616,7.02,4701,97.5,0.537,19.23,37527852.11,36306056.48,10086.52,
Campo Grande do Piauí,2202133,campo grandense,FRANCISCO JOSE BEZERRA,311.682,6020,19.31,6188,98.5,0.560,33.9,36156127.21,32054281.57,10378.37,
Campo Largo do Piauí,2202174,campolargoense,JAIRO SOARES LEITAO,478.078,7419,15.52,7636,97.2,0.528,31.25,53736420.11,50149073.75,7702.79,
Campo Maior,2202208,campo-maiorense,JOÃO FÉLIX DE ANDRADE FILHO,1680.861,45793,27.24,47074,98.3,0.656,17.31,299102038.74,289777004.67,15034.35,
Canavieira,2202251,canavieirense,ERIKA DE ALBUQUERQUE FONSECA,2165.277,3414,1.58,3429,99.6,0.583,32.26,26858727.17,23572875.48,10652.17,
Canto do Buriti,2202307,canto-buritiense,MARCUS FELLIPE NUNES ALVES,4325.643,19365,4.48,19669,96.6,0.576,15.81,104766836.57,95970421.03,12725.69,
Capitão de Campos,2202406,capitão-de-campense,MARIA ERONEIDE DOS SANTOS GOMES,571.658,11100,19.42,11347,98.6,0.583,17.39,74274116.66,69202484.77,9276.42,
Capitão Gervásio Oliveira,2202455,gervasense,RAIMUNDO COELHO,1132.995,3974,3.51,4065,98.7,0.553,-,36496921.12,35491865.38,10582.72,
Caracol,2202505,caracolense,RANILETTI CARVALHO DE MACÊDO,1610.959,10318,6.40,10538,96.6,0.552,13.25,76934851.29,76994279.08,8855.03,
Caraúbas do Piauí,2202539,caraubense,ANDRESSA MARIA LEAL DE SOUSA,471.216,5630,11.95,5755,93.9,0.505,30.3,34483901.17,34566985.9,9718.63,
Caridade do Piauí,2202554,caridadense,CLEIVANILSON JOSÉ DE CARVALHO,498.793,5033,10.09,5162,99.4,0.541,27.03,58401891.13,62273712.04,9806.1,
Castelo do Piauí,2202604,castelense,JOSE SOARES DE ABREU JÚNIOR,2378.847,19288,8.11,19663,98,0.587,4.76,110505640.7,105669369.67,10267.96,
Caxingó,2202653,caxingoense,MAGNUM FERNANDO CARDOSO DOS SANTOS,491.093,5496,11.19,5657,96.8,0.488,25.32,42841441.58,37275656.88,9702.47,
Cocal,2202703,cocalense,CRISTIANO FELIPPE DE MELO BRITTO,1294.132,28212,21.80,29209,96.2,0.497,10.81,135483024.72,126441314.73,9776.23,
Cocal de Telha,2202711,cocatelhense,KARYNE ARAGÃO CANSANÇÃO,310.291,4911,15.83,5034,98.8,0.555,19.23,39513419.29,34295918.49,9568.33,
Cocal dos Alves,2202729,cocalalvense,WODSON GIAN SILVA VIEIRA,324.856,6386,19.66,6569,96.3,0.498,34.09,41699136.82,34938720.03,9216.79,
Coivaras,2202737,coivarense,JOÃO DA CRUZ MOURÃO,484.460,4117,8.50,4233,98.1,0.565,40.82,36143271.72,33601815.53,9324.45,
Colônia do Gurguéia,2202752,coloniense,LISIANE FRANCO ROCHA ARAÚJO,429.591,6150,14.32,6287,98.8,0.628,12.99,50729750.89,46958072.63,10780.57,
Colônia do Piauí,2202778,coloniense,SELINDO MAURO CARNEIRO TAPETI SEGUNDO,950.193,6994,7.36,7088,98.6,0.588,12.5,32946213.17,30400196,8886.02,
Conceição do Canindé,2202802,conceiçãonense,DIOGO JANES DE OLIVEIRA,824.729,4932,5.98,5063,96.8,0.589,-,36927003.87,32488284.02,12564.06,
Coronel José Dias,2202851,coronelino,VICTOR CESAR DE CARVALHO,1926.103,4250,2.21,4305,96.9,0.546,18.18,39819743.33,38037169.32,8694.47,
Corrente,2202901,correntino,FILEMON JOSÉ FRANCISCO DE SOUZA NOGUEIRA PARANAGUÁ,3048.747,27278,8.95,28275,97.3,0.642,17.94,154420982.28,149833164.45,25426.51,
Cristalândia do Piauí,2203008,cristalandense,MOISÉS DA CUNHA LEMOS FILHO,1202.896,7356,6.12,7454,96.9,0.573,10.64,54561188.63,52748362.72,8990.27,
Cristino Castro,2203107,cristino-castrense,FELIPE FERREIRA DIAS,1845.697,10503,5.69,10772,97.9,0.566,14.29,80446362.34,79335106.66,11616.02,
Curimatá,2203206,curimataense,JOSE ADELMO DA SILVA,2344.949,11270,4.81,11552,97.6,0.607,45.71,68274529.17,65157472.49,12336.59,
Currais,2203230,curralense,RAIMUNDO MARTINS DE SOUSA SANTOS SOBRINHO,3156.657,4854,1.54,4968,98.6,0.542,-,60684489.63,59212580.17,82098.16,
Curralinhos,2203255,curralinhense,EVERARDO LIMA ARAUJO,345.811,4413,12.76,4527,84.7,0.555,37.74,38416565.58,37497849.2,8862.51,
Curral Novo do Piauí,2203271,curral novense,EDGAR FRANCISCO DO NASCIMENTO JUNIOR,755.251,5073,6.72,5185,95.6,0.527,21.74,57584401.98,52523593.16,14544.26,
Demerval Lobão,2203305,morrinhense,LUIS GONZAGA DE CARVALHO JUNIOR,216.807,16352,75.42,16998,97.9,0.618,29.05,106847736.57,98800225.22,15267.54,
Dirceu Arcoverde,2203354,arcoverdense,WALLACE RAMON CAFÉ E SILVA,1005.571,7054,7.01,7238,97.5,0.561,12.66,51822415.21,51028883.63,9578.83,
Dom Expedito Lopes,2203404,dom-expedito-lopense,ABIMAEL JOSÉ DO NASCIMENTO LIMA,218.808,6320,28.88,6421,98.5,0.601,42.25,38082435.41,37426792.72,11245.65,
Domingos Mourão,2203420,domingos-mouronense,MARIA IRINELDA GOMES DE OLIVEIRA SILVA,848.705,4075,4.80,4138,95.8,0.550,-,39774120.93,36698142.72,10692.03,
Dom Inocêncio,2203453,inocentino,FERNANDE RIBEIRO DE CASTRO FILHO,3871.824,9159,2.37,9335,98.4,0.549,9.52,35917628.36,38061631.88,17165.89,
Elesbão Veloso,2203503,elesbonense,JOSÉ RONALDO GOMES BARBOSA,1383.976,13607,9.83,13786,98.9,0.580,15.75,71618205.98,65471578.3,11321.73,
Eliseu Martins,2203602,eliseu-martinino,MARCOS AURÉLIO GUIMARÃES DE ARAUJO,1097.790,4377,3.99,4435,98.4,0.595,-,34323259.74,30579229.37,11246.54,
Esperantina,2203701,esperantinense,IVANARIA DO NASCIMENTO ALVES SAMPAIO,908.748,40970,45.08,42510,97.5,0.605,11.38,194483890.67,201712084.16,11427.08,
Fartura do Piauí,2203750,farturense,ORLANDO COSTA CAMPINHO BRAGA,713.046,5284,7.41,5414,96.3,0.548,12.99,44749431.66,42633085.03,8775.69,
Flores do Piauí,2203800,florentino-do-piauí,EVANDRO FERREIRA DA COSTA,946.719,4414,4.66,4508,99,0.547,20.83,35438696,31864080.21,10786.85,
Floresta do Piauí,2203859,florestense,CLAUDIONOR URBANO DE OLIVEIRA,223.199,2333,10.45,2364,99.3,0.538,-,37833392.67,40203218.84,9862.71,
Floriano,2203909,florianense,ANTÔNIO REIS NETO,3407.979,62036,18.20,64150,98.1,0.700,10.55,349745159.78,322005149.61,24441.02,
Francinópolis,2204006,francinopolitano,ANTÔNIO LUIZ DANTAS DA FONSECA,268.704,4505,16.77,4517,97.5,0.564,-,39220771.24,35025971.41,8381.02,
Francisco Ayres,2204105,airense,EUGÊNIA DE SOUSA NUNES,656.475,4412,6.72,4494,98.1,0.577,-,35045406.95,31648895.64,10875.11,
Francisco Macedo,2204154,francisco macedense,ADEILSON ANTÃO DE CARVALHO,179.245,2929,16.34,2986,97.8,0.553,24.39,35814551.26,29600257.4,10211.77,
Francisco Santos,2204204,francisco-santense,JOSÉ EDSON DE CARVALHO,492.191,8237,16.74,8366,97.4,0.608,22.73,41514282.7,42937928.96,8811.07,
Fronteiras,2204303,fronteirense,EUDES AGRIPINO RIBEIRO,777.179,10259,13.20,10382,97.5,0.619,24.1,72231036.22,68067818.41,9619.68,
Geminiano,2204352,geminianense,FRANCISCO JAILLSON DA SILVA CAMPOS,440.606,5445,12.36,5587,97,0.561,14.93,34838999.98,32805477.13,10818.51,
Gilbués,2204402,gilbuense,AMILTON LUSTOSA FIGUEREDO FILHO,3495.692,10892,3.12,11166,93.7,0.548,5.18,86359959.9,83546956.69,38969.38,
Guadalupe,2204501,guadalupense,JESSE JAMES LIMA MIRANDA,1026.539,10270,10.00,10478,98.8,0.650,17.05,76630026.75,77178591.67,60708.08,
Guaribas,2204550,guaribano,JOÉRCIO MATIAS DE ANDRADE,3118.231,4276,1.37,4350,98.2,0.508,25,38693316.8,33864109.4,9861.95,
Hugo Napoleão,2204600,hugo-napoleonense,LUCIANO BARRETO DE CARVALHO FILHO,224.573,3518,15.67,3562,96.8,0.599,81.08,31686332.94,31190193.56,8779.97,
Ilha Grande,2204659,ilhagrandense,MARINA DE OLIVEIRA BRITO,129.696,9274,71.51,9501,98.1,0.563,15.63,51705182.18,48276855,12619.94,
Inhuma,2204709,inhumense,ELBERT HOLANDA MOURA,978.222,14958,15.29,15259,98.8,0.624,20,72272664.2,71275980.22,10673.42,
Ipiranga do Piauí,2204808,ipiranguense,FRANCISCO ELVIS RAMOS VIEIRA,529.417,9420,17.79,9620,94.9,0.630,10.1,54464556.78,49897788.51,8356.14,
Isaías Coelho,2204907,isaiense,WALDEMAR MAURIZ FILHO,800.688,7774,9.71,7886,95,0.582,-,51644298.91,44387826.7,9414.86,
Itainópolis,2205003,itainopolense,MIGUEL RODRIGUES DE MOURA,827.620,10790,13.04,10980,97.1,0.541,19.42,62999327.37,60798898.9,9350.28,
Itaueira,2205102,itaueirense,OSMUNDO DE MORAES ANDRADE,2554.179,10323,4.04,10493,98.7,0.583,9.35,58030817.3,55219809.67,11946.42,
Jacobina do Piauí,2205151,jacobinense,VANDERLEI RAIMUNDO DE CARVALHO,1333.796,5613,4.21,5715,97.7,0.535,-,65472036.35,65292918.99,12078.34,
Jaicós,2205201,jaicoense,JOSE WESLLY DE OLIVEIRA BISPO,866.788,17527,20.22,17811,95.1,0.524,29.13,101471761.29,91573337.23,9970.93,
Jardim do Mulato,2205250,jardimulatense,DEJAIR LIMA DE SOUSA,510.226,4180,8.19,4251,98.9,0.593,47.62,36862500.19,33390087.23,8764.19,
Jatobá do Piauí,2205276,jatobaense,RAIMUNDO NONATO GOMES DE OLIVEIRA,650.393,4494,6.91,4568,98.9,0.566,-,33468590.57,30822658.54,12026.02,
Jerumenha,2205300,jerumenhense,JOSÉ INÁCIO PEREIRA DA SILVA JÚNIOR,1865.940,4497,2.41,4600,97.4,0.591,33.33,35845738,32371790.2,14298.42,
João Costa,2205359,joão costense,GILSON CASTRO DE ASSIS,1800.230,2970,1.65,3031,96.9,0.561,27.78,36513413.6,33338553.4,23073.1,
Joaquim Pires,2205409,joaquim-pirense,DEYVISON GONÇALVES CRUZ,740.561,13886,18.75,14175,96.2,0.522,11.43,78068166.95,76866251.72,8258.82,
Joca Marques,2205458,jocamarquense,FABIANNA SPINDOLA MARQUES,169.005,5394,31.92,5535,97.2,0.504,58.82,35913208.79,36834379.01,8423.08,
José de Freitas,2205508,freitense,PEDRO GOMES DOS SANTOS FILHO,1538.172,42559,27.67,44391,98.7,0.618,17.61,182326553.34,216377198.49,9902.38,
Juazeiro do Piauí,2205516,juazeirense,JOSE WILSON PEREIRA GOMES,935.404,5214,5.57,5311,99.1,0.570,18.87,42227553.83,39412309.06,10209.14,
Júlio Borges,2205524,julio borgense,JOÃO PAULO PEREIRA E SILVA,1283.916,5388,4.20,5499,98.6,0.582,26.67,47833684.16,45519911.76,14292.17,
Jurema,2205532,juremense,KAYLANNE DA SILVA OLIVEIRA,1271.881,4425,3.48,4505,99.2,0.555,39.47,49446452.55,45194406.16,9095.2,
Lagoinha do Piauí,2205540,lagoinense,KELLY ALVES ALENCAR,67.649,2939,43.44,3029,96.9,0.597,-,25868159.44,23089548.38,14117.98,
Lagoa Alegre,2205557,lagoalegrense,OSAEL MOITA LEAL,394.205,8256,20.94,8449,97.8,0.550,51.55,60693041.29,61889505.36,8979.51,
Lagoa do Barro do Piauí,2205565,lagoa do barrense,REGINALDO APARECIDO COSTA COELHO,1331.025,4995,3.75,5146,94.7,0.502,-,84809992.54,76832269.15,114788.12,
Lagoa de São Francisco,2205573,lagoense,JOÃO ARILSON DE MESQUITA BEZERRA,155.860,6331,40.62,6449,98.3,0.529,-,50382586.64,47041712.22,8091.31,
Lagoa do Piauí,2205581,lagoense,CAMILA BARBOSA SOUSA OLIVEIRA,427.841,4810,11.24,5009,98.9,0.583,18.18,34246538.36,32162367.49,18505.9,
Lagoa do Sítio,2205599,sitiolagoense,JOSE SAVIO DE MOURA E SILVA,805.018,4520,5.61,4575,96.6,0.541,19.23,37133734.04,35234243.02,9311.16,
Landri Sales,2205607,landri-salesiano,DELISMON SOARES PEREIRA,1088.583,5213,4.79,5311,98.7,0.584,35.09,50855179.87,47069482.84,20826.76,
Luís Correia,2205706,luís-correiense,MARIA DAS DORES FONTENELE BRITO,1074.133,30641,28.53,31775,95.4,0.541,25.58,163083282.21,159705869.6,12392.72,
Luzilândia,2205805,luzilandense,FERNANDA PINTO MARQUES,705.599,25375,35.96,26204,96.1,0.545,17.24,146708054.37,138600424.06,9451.85,
Madeiro,2205854,madeirense,ALANDELON ARAUJO DOS SANTOS,178.842,8032,44.91,8218,97.8,0.563,8.13,41365739.12,33926994.58,8975.26,
Manoel Emídio,2205904,manoel-emidense,ORLANDO ALMEIDA DE ARAUJO,1620.413,5209,3.21,5314,99,0.573,-,34759953.67,31846484.75,10240.38,
Marcolândia,2205953,marcolandense,CORINTO MACHADO DE MATOS NETO,136.786,8533,62.38,8783,94.5,0.562,7.35,72684197.46,69223029.95,23091.01,
Marcos Parente,2206001,marcoense,GEDISON ALVES RODRIGUES,677.416,4724,6.97,4848,97.3,0.590,-,34964382.84,32671203.68,12072.99,
Massapê do Piauí,2206050,massapêense,WILTON COUTINHO SILVA,530.169,5218,9.84,5215,98.6,0.525,-,40609631.2,39464582.4,8074.67,
Matias Olímpio,2206100,matiense,GENIVALDO NASCIMENTO ALMEIDA,226.785,10641,46.92,10875,98.5,0.562,32.05,62424380.72,56722183.51,8703.44,
Miguel Alves,2206209,miguel-alvense,FRANCISCO ANTONIO REBELO DE PAIVA,1392.123,32150,23.09,33071,96.6,0.539,18.18,198550338.77,184264074.65,9227.43,
Miguel Leão,2206308,leonino,NEUZA CUNHA DE ARAÚJO,93.412,1318,14.11,1352,99.6,0.623,-,24355864.03,22895185.94,19050.85,
Milton Brandão,2206357,milton brandãoense,FRANCISCO EVANGELISTA RESENDE,1309.128,6542,5.00,6678,98.9,0.508,-,35554443.46,33863507.22,8111.92,
Monsenhor Gil,2206407,monsenhorgilense,EVANDRO LEAL DE ABREU,567.859,10255,18.06,10455,98.8,0.615,17.24,59095983.79,56041969.69,12067.47,
Monsenhor Hipólito,2206506,hipolitano,ANTONIO DJALMA BEZERRA POLICARPO,401.568,7577,18.87,7751,96.7,0.561,37.38,50145968.6,49628940.97,9361.82,
Monte Alegre do Piauí,2206605,montealegrense,DIJALMA GOMES MASCARENHAS,2417.382,10660,4.41,10910,98.3,0.578,-,78849593.31,71236057.52,28073.98,
Morro Cabeça no Tempo,2206654,morrense,JOSUÉ ALVES DA SILVA,2207.658,4377,1.98,4458,97.7,0.542,-,46884286.24,50046499.01,8648.56,
Morro do Chapéu do Piauí,2206670,morrochapeuense,ERIKSON FENELON AGUIAR,328.408,6425,19.56,6547,98.8,0.550,11.63,44031361.97,40842242.22,9150.19,
Murici dos Portelas,2206696,muriciense,ANA LINA DE CARVALHO CUNHA SALES,475.720,9797,20.59,10139,96.1,0.530,10.2,52672051.53,48161179.25,8091.22,
Nazaré do Piauí,2206704,nazareno-do-piauí,RONIELTON COSTA DE OLIVEIRA,1315.841,6665,5.07,6729,99.3,0.576,12.35,39321172.57,34925471.55,9175.58,
Nazária,2206720,nazariense,JOAQUIM NONATO DA SILVA FILHO,362.376,10262,28.32,10706,97.1,0.602,-,59836834.42,48336858.09,10984.42,
Nossa Senhora de Nazaré,2206753,nazareno,JOSÉ HENRIQUE DE OLIVEIRA ALVES,356.872,5228,14.65,5406,95.5,0.586,-,49094154.25,47750004,9750.53,
Nossa Senhora dos Remédios,2206803,remediense,JOSÉ FERNANDO OLIVEIRA DE BRITO,357.896,8525,23.82,8732,96.6,0.533,20,82179241.1,79527398.7,8975.73,
Novo Oriente do Piauí,2206902,novo-orientino,FRANCISCO AFONSO RIBEIRO SOBREIRA,525.906,6097,11.59,6178,97.7,0.562,-,37804173.49,34123724.84,8884,
Novo Santo Antônio,2206951,santantoniense,ELISA MARIA DA SILVA PAZ,443.872,2827,6.37,2886,96.5,0.528,-,31333670.98,28315927.11,10364.07,
Oeiras,2207009,oeirense,HAILTON ALVES FILHO,2703.138,38161,14.12,39545,97.9,0.634,16.29,193307181.66,188169130.08,15735.17,
Olho D'Água do Piauí,2207108,olho d’aguense,ANTONIO LEAL DA SILVA,183.603,2637,14.36,2725,96.7,0.576,-,27897319.5,25273642.71,11599.13,
Padre Marcos,2207207,padremarcoense,WILIANE KELLY DA SILVA,278.696,6382,22.90,6481,99.5,0.541,13.7,50244299.99,47434059.79,10744.13,
Paes Landim,2207306,paes-landinense,FRANCINALDO MORAES BEZERRA,401.378,4088,10.18,4174,98.5,0.575,-,35255632.14,34419270.4,10729.66,
Pajeú do Piauí,2207355,pajeuense,DALVAN GONÇALVES DE MOURA CARVALHO,986.961,3000,3.04,3041,98,0.559,-,36661083.64,36246532.55,15392.7,
Palmeira do Piauí,2207405,palmeirino,HUGUEMAR ROSAL LUSTOSA FILHO,2024.035,4952,2.45,5048,97.4,0.557,-,46022208.81,40444645.1,28128.29,
Palmeirais,2207504,palmeirense,JOSÉ BALTAZAR DE OLIVEIRA,1493.764,13264,8.88,13480,98.3,0.562,19.23,83367041.96,77454564.55,9478.06,
Paquetá,2207553,paquetaense,ANDERSON CLAYTON DA SILVA BARROS,432.572,3813,8.81,3878,96.9,0.509,26.32,47903211.71,44110783.98,11253.3,
Parnaguá,2207603,parnaguaense,MIGUEL OMAR BARRETO RISSI,3428.811,10103,2.95,10289,96.4,0.575,23.26,49746581.07,44783031.78,10991.62,
Parnaíba,2207702,parnaibano,FRANCISCO EMANUEL CUNHA DE BRITO,436.907,162159,371.15,169552,97.5,0.687,7.88,760407257.32,721839035.03,19296.04,
Passagem Franca do Piauí,2207751,passagemfranquense,SAULO VINICIUS RODRIGUES SATURNINO,643.226,4135,6.43,4220,98.9,0.561,-,36965822.8,38182305.51,11257.84,
Patos do Piauí,2207777,patoense,JOAQUIM LOPES DOS REIS NETO,801.403,5425,6.77,5461,98.4,0.563,22.73,44035456.22,36841121.29,10066.77,
Pau D'Arco do Piauí,2207793,paudarcopiense,ANTONIO MILTON DE ABREU PASSOS,430.023,3880,9.02,3972,98.1,0.514,-,27378622.74,24489620.75,8230.14,
Paulistana,2207801,paulistanense,OSVALDO MAMEDIO DA COSTA,1941.111,21055,10.85,21601,97.9,0.600,14.78,145129553.68,128141377.83,13006.31,
Pavussu,2207850,pavussuense,WININCIUS VILANOVA DE MIRANDA,1090.697,3628,3.33,3698,97.8,0.526,-,34426581,35230002.17,10293.08,
Pedro II,2207900,pedro-segundense,ELISABETE RODRIGUES DE OLIVEIRA NUNES BRANDÃO,1544.409,37894,24.54,39039,97.3,0.571,17.06,198226837.49,191598793.65,9952.46,
Pedro Laurentino,2207934,pedro laurentinense,CARLOS HENRIQUE COELHO REIS,870.613,2458,2.82,2514,97.2,0.562,35.71,28723791.54,25852570.33,12278.29,
Nova Santa Rita,2207959,Santaritense,HELI MARQUES DE CARVALHO,909.734,4076,4.48,4147,97.1,0.554,-,33458352.98,29279476.88,10002.45,
Picos,2208007,picoense,PABLO DANTAS DE MOURA SANTOS,577.284,83090,143.93,86228,98.3,0.698,17.26,398285568.74,373860700.47,24676.75,
Pimenteiras,2208106,pimenteirense,MARIA LUCIA DE LACERDA,4562.580,11341,2.49,11528,98.9,0.566,9.8,56984661.37,64194975.8,8804.35,
Pio IX,2208205,pio-nonense,SILAS NORONHA MOTA,1948.142,17613,9.04,17947,98.8,0.564,14.56,93403548.41,87250569.53,10957.54,
Piracuruca,2208304,piracuruquense,FRANCISCO MARCELO CARVALHO MENDES,2368.936,28846,12.18,29849,94.8,0.596,11.36,132337287.93,119723250.81,12556.04,
Piripiri,2208403,piripiriense,JOVENILIA ALVES DE OLIVEIRA MONTEIRO,1407.192,65538,46.57,67676,97.3,0.635,13.87,321717790.36,311920112.68,14362.92,
Porto,2208502,portuense,ALUIZIO MOREIRA VAZ,253.113,12052,47.62,12312,98,0.549,-,90046394.74,90701847.41,9374.27,
Porto Alegre do Piauí,2208551,porto  alegrense,ANTÔNIO AVELINO ROCHA DE NEIVA,1168.043,2364,2.02,2391,98.9,0.563,-,31451234.16,28657788.37,14373.9,
Prata do Piauí,2208601,pratense,ACELINO MENDES DE MOURA,196.787,3042,15.46,3098,98.5,0.565,-,31522267.95,26695540.74,8759.54,
Queimada Nova,2208650,queimadanovense,GILMAR MACEDO DE ANDRADE,1283.369,8738,6.81,8936,99.3,0.515,-,59852966.63,54652934.44,28037.27,
Redenção do Gurguéia,2208700,gurgueíno,ARLEI FIGUEIREDO BORGES,2470.531,8394,3.40,8563,97.9,0.589,15.38,52809362.21,46880151.32,11110.79,
Regeneração,2208809,regenerense,EDUARDO ALVES CARVALHO,1251.321,17133,13.69,17418,97.4,0.591,15.94,104618929.92,100744487.27,14712.38,
Riacho Frio,2208858,riacho friense,JABES LUSTOSA NOGUEIRA JUNIOR,2220.598,4165,1.88,4241,98.9,0.541,-,55968757.57,52576864.21,10747.61,
Ribeira do Piauí,2208874,ribeirense,ANTÔNIO LUIZ DE ARAÚJO COSTA NETO,1012.479,4055,4.01,4114,98.4,0.520,26.32,39612851.24,35971967.31,48319.61,
Ribeiro Gonçalves,2208908,ribeiro-gonçalvino,AGAMENON PINHEIRO FRANCO,3987.147,6164,1.55,6215,96.8,0.601,-,91984814.73,84164841.78,93932.89,
Rio Grande do Piauí,2209005,rio-grandense-do-piauí,ANTONIO LUIS DA COSTA FEITOSA,635.953,5801,9.12,5868,96.5,0.572,13.89,40485734.4,38265237.42,9557.12,
Santa Cruz do Piauí,2209104,santa-cruzense,LAÍS BARROSO MARTINS DOS SANTOS NUNES,582.658,5831,10.01,5928,96.8,0.601,-,47557819.46,42857792.74,9755.44,
Santa Cruz dos Milagres,2209153,santacruzense,EDILBERTO MENDES GUIMARAES,978.546,3435,3.51,3466,98.6,0.577,-,35881729.87,31203312.4,11238.76,
Santa Filomena,2209203,filomense,FERNANDO ANDRADE COELHO,5293.693,6087,1.15,6209,97.6,0.544,-,64058189.63,68360702.16,98463.36,
Santa Luz,2209302,santa-luzense,ARQUEL ALVES PEREIRA,1185.398,5336,4.50,5425,99.5,0.588,50,42029112.21,36366397.03,10584.41,
Santana do Piauí,2209351,santanense,ADONALDO GONÇALVES DE SOUSA,112.189,4125,36.77,4174,96.1,0.574,-,32516462.95,32436273.23,8775.63,
Santa Rosa do Piauí,2209377,santarosense,MARLON RODRIGUES DE SOUSA,338.336,4650,13.74,4690,99,0.567,51.72,35983494.85,37118861.93,9559.86,
Santo Antônio de Lisboa,2209401,santo-antoense,FRANCISCO ERIVALDO DA SILVA,385.286,5839,15.15,5938,93.5,0.584,25.97,38460348.15,39215203.87,11111.78,
Santo Antônio dos Milagres,2209450,santoantonhense,PAULO CAZIMIRO DE SOUSA NETO E SILVA,33.640,2138,63.56,2189,97.5,0.619,-,30194208.79,27846280.02,8310.8,
Santo Inácio do Piauí,2209500,santinacense,AURO APARECIDO DE CARVALHO,852.106,3646,4.28,3719,99.3,0.613,-,39441923.07,38151182.35,10600.47,
São Braz do Piauí,2209559,san-brazense,DEBORAH SAYONARA SANTOS CARDOSO,656.042,4358,6.64,4451,98.7,0.596,31.75,39315633.21,35721538.95,8861.86,
São Félix do Piauí,2209609,são-felicense,JOSEILSON BARBOSA NUNES,627.033,2842,4.53,2885,100,0.610,-,32502703.04,36182449.59,10987.34,
São Francisco de Assis do Piauí,2209658,sãofranciscoense,ANDRELINO MAXIMIANO DA COSTA FILHO,1072.311,5572,5.20,5703,96,0.485,55.56,33352323.31,38673268.11,9575.04,
São Francisco do Piauí,2209708,são-franciscano,FABIANO ARAUJO DE MOURA,1341.451,5392,4.02,5404,98.4,0.570,40,36533660.14,32161182.28,9101.72,
São Gonçalo do Gurguéia,2209757,são gonçalense,ROSELÍDIA LUSTOSA DE SOUSA MARQUES,1385.255,2947,2.13,3019,97.4,0.560,20,45121771.6,41630884.5,17781.61,
São Gonçalo do Piauí,2209807,são-gonçalense,GERLANE FERREIRA DA SILVA CABRAL,150.495,4837,32.14,4944,97.7,0.616,20.83,32110742.57,33287689.07,11247.99,
São João da Canabrava,2209856,canabravense,ELSON SILVA DE SOUSA,480.537,4242,8.83,4306,96.8,0.559,-,44658801.52,40688779.85,10677.94,
São João da Fronteira,2209872,são jão fronteirense,MARCOS ANTONIO DE ANDRADE MATEUS,817.111,5522,6.76,5615,88.3,0.515,-,37679654.26,34853045.56,10013.9,
São João da Serra,2209906,serra-jonense,JOÃO FRANCISCO GOMES DA ROCHA,994.224,6114,6.15,6233,99.1,0.582,-,34253348.83,31390490.2,9781.02,
São João da Varjota,2209955,sanjoanense,JOSE DOS SANTOS BARBOSA,394.456,4383,11.11,4443,96.9,0.559,-,39458318.17,33933663.74,7546.96,
São João do Arraial,2209971,são jãoense,ABDORAL MELO DA SILVA,213.377,8186,38.36,8443,98.4,0.523,7.94,63392533.23,60443602.1,8439.67,
São João do Piauí,2210003,sanjoanense,EDNEI MODESTO AMORIM,1527.497,21421,14.02,22036,98.3,0.645,14.88,133794673.72,134241396.79,20605.74,
São José do Divino,2210052,sãojoseense,MILTON GOMES MACHADO,319.367,4841,15.16,4906,99.2,0.565,16.13,40696117.75,36084615.35,11892.03,
São José do Peixe,2210102,são-joseense,CELSO ANTÔNIO MENDES COIMBRA,1287.174,3297,2.56,3320,97.5,0.573,-,31032038.32,28248141.79,11462.74,
São José do Piauí,2210201,são-joseense,ADMAELTON BEZERRA SOUSA,373.347,6597,17.67,6732,97.5,0.552,-,35920247.1,30133469.09,10166.49,
São Julião,2210300,são-julianense,RENALDO RAMOS RODRIGUES,291.089,6025,20.70,6135,94.3,0.594,-,38338729.22,36274810.13,9332.78,
São Lourenço do Piauí,2210359,lourenciano,THIAGO DAMASCENO RIBEIRO SANTANA,673.822,4410,6.54,4497,98.9,0.595,23.26,34377501.12,31877055.88,9891.95,
São Luis do Piauí,2210375,sãoluisense,RAIMUNDO RENATO VICENTE DE ARAÚJO SOUSA,217.924,2309,10.60,2329,97,0.554,50,26722495.95,23207754.74,9566.51,
São Miguel da Baixa Grande,2210383,sãomiquelense,FRANCISCO BISPO DAS CHAGAS,444.528,2269,5.10,2304,98.9,0.563,52.63,26962055.62,23567070.73,11104.36,
São Miguel do Fidalgo,2210391,fidalguense,ERIMAR SOARES DE SOUSA,813.444,2829,3.48,2870,98.7,0.535,-,24494955.55,21272829.89,15628.44,
São Miguel do Tapuio,2210409,tapuiense,POMPILIO EVARISTO CARDOSO FILHO,4988.973,17554,3.52,17902,97.5,0.556,13.25,112518553.9,107942491.43,9273.86,
São Pedro do Piauí,2210508,são-pedrense,LINDOMAR GONÇALVES DE ALENCAR,518.288,13755,26.54,14046,98.4,0.595,23.81,95265358.96,88245846.75,9391.24,
São Raimundo Nonato,2210607,são-raimundense,ROGÉRIO ARAÚJO DE CASTRO,2415.288,38934,16.12,40784,98,0.661,8.91,198514381.56,197147316.29,16160.36,
Sebastião Barros,2210623,sebastião barrense,PABLO CUSTODIO MENDES DE CARVALHO,893.488,3202,3.58,3228,99.3,0.536,27.78,38018757.71,34191368.49,13602.93,
Sebastião Leal,2210631,sebastião-lealense,MANOELINA DE SOUSA BORGES,3148.857,4446,1.41,4572,97.6,0.562,-,49433093.35,45713685.09,59247.26,
Sigefredo Pacheco,2210656,sigefredense,MURILO BANDEIRA DA SILVA,1031.101,9460,9.17,9631,99.2,0.581,23.26,45983703.56,44761492.85,7758.71,
Simões,2210706,simonense,ITALO MAGNO DANTAS LOPES DE CARVALHO,1076.055,14350,13.34,14650,95.3,0.575,19.32,101952887.11,100418911.4,29626.58,
Simplício Mendes,2210805,simplício-mendense,MÁRCIO JOSE PINHEIRO MOURA,1360.028,13870,10.20,14342,98.6,0.627,5.62,91769817.59,83928756.07,14307.61,
Socorro do Piauí,2210904,socorrense,ADERSON BARBOSA RIBEIRO SÁ FILHO,761.854,4141,5.44,4184,97.8,0.561,-,39772215.52,37742053.43,9011.75,
Sussuapara,2210938,sussuaparense,NAERTON SILVA MOURA,205.194,6220,30.31,6345,93.7,0.586,29.13,50038685.22,43243361.77,11305.35,
Tamboril do Piauí,2210953,tamborilense,GLAUERT COELHO ALMEIDA,1587.296,2949,1.86,3029,99.6,0.501,-,31111655.52,31180632.2,10339.42,
Tanque do Piauí,2210979,tanquense,NATANAEL SALES DE SOUSA,398.007,2316,5.82,2330,97.9,0.579,34.48,28392014.75,26717187.14,11931.15,
Teresina,2211001,teresinense,SILVIO MENDES DE OLIVEIRA FILHO,1391.293,866300,622.66,902644,97.8,0.751,14.71,5396868035.81,5396776250.15,27430.28,
União,2211100,unionense,GUSTAVO CONDE MEDEIROS,1170.759,46119,39.39,47707,97.9,0.577,11.15,277359666.18,276802978.28,9413.79,
Uruçuí,2211209,uruçuiense,GILBERTO GONÇALVES SILVA JUNIOR,8413.002,25203,3.00,26501,97,0.631,20.32,271270050.53,279725953.97,129458.67,
Valença do Piauí,2211308,valenciano,MARCELO COSTA E SILVA,1333.722,22279,16.70,22920,98.6,0.647,12.45,99988547.76,107711562.58,13832.67,
Várzea Branca,2211357,varzea-branquense,RAIMUNDO NONATO ALVES PAES LANDIM,450.429,5055,11.22,5173,97.9,0.553,-,38926087,36341161.49,9034.44,
Várzea Grande,2211407,várzea-grandense,ROBERT EUDES NUNES DE SOUSA SEGUNDO,236.453,4417,18.68,4515,99.6,0.571,-,29766984.07,26329240.96,9355.32,
Vera Mendes,2211506,veramendense,CARLOS JOSÉ DA SILVA,341.974,3185,9.31,3271,98.2,0.503,-,43553399.42,31424222.11,10083.52,
Vila Nova do Piauí,2211605,vilanovense,MANOEL BERNARDO LEAL,221.627,2935,13.24,2979,98.7,0.565,-,36340924.74,35747058.25,12618.45,
Wall Ferraz,2211704,wal farrazense,LUIZ GUILHERME MAIA DE SOUSA,270.427,4059,15.01,4117,97.3,0.544,-,54355707.1,54661060.31,8485.79,

<table class="fontes-container"><tr><th>Notas:</th></tr><tr><td>Escolarização <span>6 a 14 anos</span>: [população residente no município de 6 a 14 anos de idade matriculada no ensino regular/total de população residente no município de 6 a 14 anos de idade] x 100</td></tr><tr><th>Fontes:</th></tr><tr><td>Área Territorial: Área territorial brasileira 2022. Rio de Janeiro: IBGE, 2023</td></tr><tr><td>População no último censo: Censo 2022: População e Domicílios - Primeiros Resultados - Atualizado em 22/12/2023</td></tr><tr><td>Densidade demográfica: Censo 2022: População e Domicílios - Primeiros Resultados - Atualizado em 22/12/2023</td></tr><tr><td>População estimada: IBGE, Diretoria de Pesquisas, Coordenação de População e Indicadores Sociais, Estimativas da população residente com data de referência 1o de julho de 2024</td></tr><tr><td>Escolarização <span>6 a 14 anos</span>: IBGE, Censo Demográfico 2010</td></tr><tr><td>IDHM <span>Índice de desenvolvimento humano municipal</span>: Programa das Nações Unidas para o Desenvolvimento - PNUD</td></tr><tr><td>Mortalidade infantil: Ministério da Saúde, Departamento de Informática do Sistema Único de Saúde - DATASUS 2022</td></tr><tr><td>Total de receitas brutas realizadas: Siconfi: Sistema de Informações Contábeis e Fiscais do Setor Público Brasileiro. Brasília, DF, [2023]. Disponível em: https://siconfi.tesouro.gov.br/siconfi/pages/public/consulta_finbra/finbra_list.jsf. Acesso em: jun. 2024, Contas anuais. Receitas orçamentárias realizadas (Anexo I-C) 2023 e Despesas orçamentárias empenhadas (Anexo I-D) 2023. In: Brasil. Secretaria do Tesouro Nacional</td></tr><tr><td>Total de despesas brutas empenhadas: Siconfi: Sistema de Informações Contábeis e Fiscais do Setor Público Brasileiro. Brasília, DF, [2023]. Disponível em: https://siconfi.tesouro.gov.br/siconfi/pages/public/consulta_finbra/finbra_list.jsf. Acesso em: jun. 2024, Contas anuais. Receitas orçamentárias realizadas (Anexo I-C) 2023 e Despesas orçamentárias empenhadas (Anexo I-D) 2023. In: Brasil. Secretaria do Tesouro Nacional</td></tr><tr><td>PIB per capita: IBGE, em parceria com os Órgãos Estaduais de Estatística, Secretarias Estaduais de Governo e Superintendência da Zona Franca de Manaus - SUFRAMA</td></tr></table>