Goi&aacute;s | Todos os Munic&iacute;pios
Munic&iacute;pio [-],C&oacute;digo [-],Gent&iacute;lico [-],Prefeito [2025],&Aacute;rea Territorial - km&sup2; [2024],Popula&ccedil;&atilde;o no &uacute;ltimo censo - pessoas [2022],Densidade demogr&aacute;fica - hab/km&sup2; [2022],Popula&ccedil;&atilde;o estimada - pessoas [2024],Escolariza&ccedil;&atilde;o &lt;span&gt;6 a 14 anos&lt;/span&gt; - % [2010],IDHM &lt;span&gt;&Iacute;ndice de desenvolvimento humano municipal&lt;/span&gt; [2010],Mortalidade infantil - &oacute;bitos por mil nascidos vivos [2023],Total de receitas brutas realizadas - R$ [2024],Total de despesas brutas empenhadas - R$ [2024],PIB per capita - R$ [2021],
Abadia de Goi&aacute;s,5200050,abadiense,WANDER SARAIVA DE CARVALHO,143.357,19128,133.43,21165,97.2,0.708,13.94,120682199.35,97630667.97,38622,
Abadi&acirc;nia,5200100,abadianense,ITAMAR VIEIRA GOMES,1044.555,17232,16.50,17638,94.3,0.689,16.13,105196880.39,106935313.08,21334.94,
Acre&uacute;na,5200134,acreunense,CLAUDIOMAR CONTIN PORTUGAL,1566.742,21568,13.77,21995,97.1,0.686,7.52,150176408.71,140352593.89,46315.9,
Adel&acirc;ndia,5200159,adelandense,EDSON VIEIRA DE PAULA,115.385,2297,19.91,2297,100,0.702,-,29860803.8,27283183.67,19400.94,
&Aacute;gua Fria de Goi&aacute;s,5200175,&aacute;gua-friense,VIRGINIA ANGELICA SANTOS CASTRO,2023.636,4954,2.45,4991,97.4,0.671,-,57471275.2,50313805,91260.12,
&Aacute;gua Limpa,5200209,&aacute;gua-limpense,JOS&Eacute; CARLOS GUIMAR&Atilde;ES FILHO,458.836,1858,4.05,1856,97.4,0.722,40,32338754.81,28250931.71,35293.9,
&Aacute;guas Lindas de Goi&aacute;s,5200258,&aacute;guas lindense,LUCAS DE CARVALHO ANTONIETTI,191.817,225693,1176.61,240613,96.6,0.686,10.92,762150047.13,659045432.72,11052.96,
Alex&acirc;nia,5200308,alexaniense,WARLEY FERREIRA GOUVEIA,846.876,27008,31.89,28009,97,0.682,5.04,191671673.86,176962861.52,39776.23,
Alo&acirc;ndia,5200506,aloandense,RENATO BATISTA DA SILVA,102.094,1973,19.33,1984,98.1,0.697,-,28792898.68,24835092.75,32251.19,
Alto Horizonte,5200555,alto horizontino,DIOGO RODRIGUES DE SOUSA,500.342,6072,12.14,6375,97,0.719,15.5,165999180.31,156932787.25,188378.9,
Alto Para&iacute;so de Goi&aacute;s,5200605,alto-paraisense,MARCUS ADILSON RINCO,2594.998,10306,3.97,10936,98,0.713,7.46,80517354.61,73162666.05,38319.04,
Alvorada do Norte,5200803,alvoradense,DAVID MOREIRA DE CARVALHO,1268.347,8446,6.66,8597,98,0.660,7.94,46831208.16,48089854.87,19317.45,
Amaralina,5200829,amaralinense,D&Aacute;SIO MARQUES FERREIRA,1343.742,3268,2.43,3281,92.2,0.609,-,34003627.39,31471517.42,28148.86,
Americano do Brasil,5200852,americanense-do-Brasil,RAPHAEL DE OLIVEIRA CARVALHO,133.834,5259,39.29,5281,97.4,0.700,-,28940276.66,50000,14694.5,
Amorin&oacute;polis,5200902,amorinopolense,GUSTAVO SILVA DE OLIVEIRA,406.930,3007,7.39,2952,98.4,0.681,-,35862282.22,30192753.57,39489.53,
An&aacute;polis,5201108,anapolino,MARCIO AURELIO CORREA,935.672,398869,426.29,415847,96.3,0.737,12.53,2227578715.13,2318230931.87,44860.34,
Anhanguera,5201207,anhanguerino,MARCELO MARTINS DE PAIVA,55.569,924,16.63,921,100,0.725,-,27918344.48,25331918.33,18523.83,
Anicuns,5201306,anicuense,PAULO C&Eacute;SAR JOS&Eacute; DO NASCIMENTO,976.038,18503,18.96,18443,98.4,0.714,20.51,107943616.57,105586958.09,23178.92,
Aparecida de Goi&acirc;nia,5201405,aparecidense,LEANDRO VILELA VELLOSO,279.954,527796,1885.30,550925,95.3,0.718,14.52,2278178141.91,2525693897.86,28213.26,
Aparecida do Rio Doce,5201454,riodocense,EDY CARLOS GON&Ccedil;ALVES,603.254,2907,4.82,3012,93.3,0.693,-,45004340.9,41401973.15,44491.53,
Apor&eacute;,5201504,aporeano,LEONARDO DE MORAES CARVALHO,2899.237,4325,1.49,4452,99.1,0.693,15.87,66300656.64,59469872.91,92759.84,
Ara&ccedil;u,5201603,ara&ccedil;uense,MILTON LEMES DE PAULA,149.776,3799,25.36,3842,99,0.693,27.78,37276609.53,30995604.02,21303.17,
Aragar&ccedil;as,5201702,aragarcense,RICARDO GALVAO DE SOUSA,661.677,18390,27.79,18604,98.3,0.732,26.18,90071427.1,87266795.07,13606.58,
Aragoi&acirc;nia,5201801,aragoianense,WALDIR BATISTA RIOS,218.125,11890,54.51,12554,98,0.684,9.71,71148567.84,67986131.65,16321.67,
Araguapaz,5202155,araguapaense,FRANCISCO DEURISTOM GON&Ccedil;ALVES DA SILVA,2188.100,7153,3.27,7182,97.8,0.674,-,49811992.47,47669080.47,23107.53,
Aren&oacute;polis,5202353,arenopolino,DELMIRO DE OLIVEIRA CANO,1075.535,2946,2.74,2930,100,0.687,-,33637425.65,30872696.48,90406.19,
Aruan&atilde;,5202502,aruanense,ARLIRIO ANTUNES BARBOSA,3054.773,8300,2.72,8515,97.5,0.675,7.09,74671034.56,76087079.29,28236.14,
Auril&acirc;ndia,5202601,aurilandense,MARIA APARECIDA MAGALH&Atilde;ES FURTADO MAC&Ecirc;DO,565.514,3284,5.81,3266,97.5,0.700,26.32,27646308.38,36150406.28,27190.95,
Avelin&oacute;polis,5202809,avelinopense,ANTONIO MARCOS BARBOSA,170.228,2868,16.85,2963,97.9,0.660,-,32292900.1,27542082.77,28342.24,
Baliza,5203104,balizense,ILSON PEREIRA DE CARVALHO,1780.173,3351,1.88,3335,98.6,0.655,40,39819220.2,39145569.11,22746.12,
Barro Alto,5203203,barro-altense,ALVARO MACHADO DE FREITAS,1080.268,10371,9.60,10738,99,0.742,-,203006166.03,185228250.64,135151.35,
Bela Vista de Goi&aacute;s,5203302,bela-vistense,EUR&Iacute;PEDES JOS&Eacute; DO CARMO,1274.034,34445,27.04,36583,98.3,0.716,14.29,190899048.24,169842494.43,47766.93,
Bom Jardim de Goi&aacute;s,5203401,bom-jardinense,EDIO NAVARINI,1901.137,7826,4.12,7824,98.1,0.670,30.3,52657758.44,54579706.3,28911.53,
Bom Jesus de Goi&aacute;s,5203500,bom-jesuense,DANIEL VIEIRA RAMOS JUNIOR,1405.605,23958,17.04,24701,98.4,0.701,10.34,187755210.28,178040917.18,47168.42,
Bonfin&oacute;polis,5203559,bonfinopolino,LUCAS MOREIRA DE CARVALHO,121.915,10296,84.45,10828,98.8,0.683,-,56595939.42,54002236.73,11970.13,
Bon&oacute;polis,5203575,bonopolino,DEOCLECIANO ARAUJO DE LIRA,1635.319,3299,2.02,3306,98.1,0.630,40,46090299.64,39765016.88,34206.22,
Brazabrantes,5203609,brazabrantino,MARCIO ANT&Ocirc;NIO MACHADO,125.326,3992,31.85,4149,99.2,0.701,-,32131735.76,26326017.62,24615.27,
Brit&acirc;nia,5203807,britaniense,MARIA DO DISTERRO DOS SANTOS,1458.459,5695,3.90,5788,97.6,0.672,12.66,49665801.23,45813805.66,34067.31,
Buriti Alegre,5203906,buriti-alegrense,GARIBALDO FERREIRA DE SANTANA NETO,901.932,10495,11.64,10831,96.9,0.710,10.31,76012631.47,68726418.74,49155.71,
Buriti de Goi&aacute;s,5203939,buritiense,&Aacute;TILA R&Uacute;BIA DE DEUS,202.576,2732,13.49,2789,99.4,0.687,-,45080969.02,36705945.14,23098.87,
Buritin&oacute;polis,5203962,buritinopolense,MARCILENE BASTISTA DE BRITO COSTA,246.075,3145,12.78,3154,98.7,0.704,-,40662317.95,38338670.07,27169.84,
Cabeceiras,5204003,cabeceirense,JACO ISIDORO ROTTA,1126.434,7560,6.71,7678,96.4,0.668,22.73,60037649.4,59569645.42,58772.45,
Cachoeira Alta,5204102,cachoeira-altense,MARCELO BATISTA DE PAULA,1657.226,11513,6.95,11789,98,0.710,-,82473598.39,71792202.55,21932.48,
Cachoeira de Goi&aacute;s,5204201,cachoeirense,MICHAEL PEREIRA DOS SANTOS,424.490,1405,3.31,1419,100,0.727,-,28346958.45,25790030.37,29093.26,
Cachoeira Dourada,5204250,cachoeirense-do-sul,RODRIGO RODRIGUES ALMEIDA,528.281,7782,14.73,7801,98.8,0.698,19.23,90913853.24,87956927.04,8685.14,
Ca&ccedil;u,5204300,ca&ccedil;uense,KELSON SOUZA VILARINHO,2254.340,13774,6.11,14006,98.7,0.730,-,123204366.84,111685042.4,54740.81,
Caiap&ocirc;nia,5204409,caiaponiense,ARGEMIRO RODRIGUES SANTOS NETO,8627.961,16513,1.91,16655,97.2,0.693,5.43,135192998,119338117.96,42563.87,
Caldas Novas,5204508,calda-novense,KLEBER LUIZ MARRA,1608.523,98622,61.31,104788,97.3,0.733,12.45,645961185.85,640756646.88,31527.54,
Caldazinha,5204557,caldazinhense,SOLANGE MARIA GOUVEIA CASTRO,251.720,4507,17.90,4735,93.3,0.685,29.41,33746846.09,31378695.69,21702.16,
Campestre de Goi&aacute;s,5204607,campestrino,ESMERALDO CORREIA GUIMAR&Acirc;ES,272.734,3755,13.77,3854,97.7,0.653,21.28,36617417.99,34340984.64,19862.56,
Campina&ccedil;u,5204656,campina&ccedil;uense,DOUGLAS ADYEL RIBEIRO DE FARIA,1978.386,3708,1.87,3758,93.5,0.631,42.55,49323161.61,48720980.25,30457.5,
Campinorte,5204706,campinortense,CLEOMAR MARTINS DE ARAUJO,1064.541,12510,11.75,12879,99.1,0.688,12.66,83961749.8,72862455.64,25855.05,
Campo Alegre de Goi&aacute;s,5204805,campo-alegrense,DOUGLAS GRUPIONI SERT&Oacute;RIO,2450.111,7422,3.03,7711,98.7,0.694,10.75,83289532.4,76583098.49,107398.29,
Campo Limpo de Goi&aacute;s,5204854,campolimpense,GRACIELE MARTA DO NASCIMENTO,156.113,8081,51.76,8449,97.2,0.661,41.32,54702646.5,47442327.03,20415.37,
Campos Belos,5204904,campo-belense,PABLO GEOVANNI MOREIRA BATISTA,735.126,18108,24.63,18258,99.4,0.692,10.17,101721952.37,107851792.43,15667.6,
Campos Verdes,5204953,campo-verdense,ROG&Eacute;RIO SOUZA QUEIROZ,443.125,4005,9.04,3899,97,0.654,25,44408371.43,48458147.32,36924.53,
Carmo do Rio Verde,5205000,carmo-rio-verdino,GERALDO DOS REIS OLIVEIRA,419.821,9710,23.13,9937,99.4,0.713,-,65347793.67,58915692.01,47391.43,
Castel&acirc;ndia,5205059,castelandense,EDNALDO ANDRADE MIGUEL,299.228,2985,9.98,2921,92.8,0.701,43.48,39833113.78,38769768.86,27104.65,
Catal&atilde;o,5205109,catalano,VELOMAR GON&Ccedil;ALVES RIOS,3826.370,114427,29.90,120789,97.1,0.766,9.37,988347072.14,953144536.56,87685.74,
Catura&iacute;,5205208,caturaiense,ALEXANDRE TIAGO MOURA,205.065,5184,25.28,5318,98,0.664,63.83,38861922.41,35986577.02,19635.13,
Cavalcante,5205307,cavalcantense,VILMAR SOUZA COSTA,6948.780,9583,1.38,9721,92.9,0.584,13.99,69404940.83,62953408.42,39322.37,
Ceres,5205406,ceresino,EDMARIO DE CASTRO BARBOSA,213.070,22046,103.47,22484,99.3,0.775,11.86,181318952.46,189215805.29,32787.08,
Cezarina,5205455,cezarinense,VALTENIR GON&Ccedil;ALVES DA SILVA,417.080,8090,19.40,8265,97.8,0.711,12.82,74883755.74,74429389.29,43779.36,
Chapad&atilde;o do C&eacute;u,5205471,chapadense,VINICIUS MARCONDES CAMARGO TERIN,2184.077,12870,5.89,13897,93.3,0.742,11.67,196739139.82,171854566.59,202715.24,
Cidade Ocidental,5205497,ocidentalense,LUIZ GONZAGA VIANA FILHO,389.985,91767,235.31,98963,97.2,0.717,5.75,412298037.31,386375350.88,13528.98,
Cocalzinho de Goi&aacute;s,5205513,cocalzinhense,ALESSANDRO OTONE BARCELOS,1785.339,25016,14.01,26638,95.2,0.657,8.13,121329972.57,118112642.56,21006.17,
Colinas do Sul,5205521,colinense,ONOFRE APARECIDO PAULISTA,1707.519,4030,2.36,4153,95.2,0.658,-,46055309.87,43060177.91,21095.95,
C&oacute;rrego do Ouro,5205703,corregorino,DANILO MARCOS DOS SANTOS,458.077,2454,5.36,2456,97.2,0.686,-,33365352.61,31330127.58,32995.73,
Corumb&aacute; de Goi&aacute;s,5205802,corumbaense,FRANCISCO ALESSANDRO FERNANDES,1064.833,10562,9.92,10714,96.6,0.680,20.41,63144477.82,57447707.2,23188.22,
Corumba&iacute;ba,5205901,corumbaibense,WISNER ARA&Uacute;JO DE ALMEIDA,1864.277,9164,4.92,9416,95.5,0.698,10.2,91717674.16,87004286.63,70839.08,
Cristalina,5206206,cristalinense,LUIS OT&Aacute;VIO BIAZOTO MASSA,6153.921,62337,10.13,65705,95.6,0.699,16.16,465920244.58,429739083.7,74974.64,
Cristian&oacute;polis,5206305,cristianopolino,JULIANA IZABEL DE PAULA COSTA,221.624,3504,15.81,3630,98.7,0.688,-,46122422.39,40218266.04,40548.09,
Crix&aacute;s,5206404,crixasense,ALLAN PAES XAVIER,4673.039,17065,3.65,17445,96.7,0.708,18.18,160218963.54,152984681.71,40809.95,
Crom&iacute;nia,5206503,crominiense,FERNANDO LUCAS CARDOSO,364.918,3883,10.64,3977,95.7,0.706,-,34736082.77,32299146.69,28790.65,
Cumari,5206602,cumarino,RAFAEL MEIRELLES DE MELO,568.365,2927,5.15,2955,99.7,0.737,-,38070929.31,37287636.49,34350.06,
Damian&oacute;polis,5206701,damianopolino,DENI SANTANA RODRIGUES,417.625,3770,9.03,3884,100,0.654,18.52,37214010.33,35937303.03,13621.15,
Damol&acirc;ndia,5206800,damolandense,ROGERIO LABANCA NETO,86.057,2724,31.65,2755,98.6,0.697,-,31567622.08,26102613.14,17831.38,
Davin&oacute;polis,5206909,davinopolino,VANUSA APARECIDA BENTO GOMES,482.857,1902,3.94,1901,98.5,0.716,-,41276355.31,35517758.04,278454.66,
Diorama,5207105,dioramense,ALTAMIRO JOS&Eacute; DE LIMA,685.382,2062,3.01,2023,100,0.729,-,32473601.67,27028728.55,39096.53,
Doverl&acirc;ndia,5207253,doverlandense,AMILCAR MACHADO PEREIRA JUNIOR,3227.558,6956,2.16,6895,96.4,0.668,-,66005398.48,69182791.09,55878.01,
Edealina,5207352,edealinense,DOLORES CRISTINA LEANDRO NEVES,598.218,4001,6.69,4087,98.6,0.702,64.52,60068070.82,56238923.21,110169.39,
Ed&eacute;ia,5207402,edeiense,CARLA FARIA DE FREITAS,1469.099,11747,8.00,11953,98.2,0.739,6.99,109335577.27,104316056.56,73518.51,
Estrela do Norte,5207501,estrela-nortense,EDMAR DE ASSIS SILVA,301.139,3205,10.64,3224,97.8,0.707,27.03,40287088.06,38083490.78,22992.23,
Faina,5207535,fainense,CREONIR BORGES DE OLIVEIRA,1949.685,7070,3.63,7164,97.9,0.650,19.23,48406502.32,50980398,25676.74,
Fazenda Nova,5207600,fazenda-novense,MARCUS VINICIUS AZEREDO COSTA,1279.107,5877,4.59,5878,88.5,0.685,21.74,64253270.59,57778188.87,27855.7,
Firmin&oacute;polis,5207808,firminopolense,JOSE AIRTON DE OLIVEIRA,422.340,10419,24.67,10365,98.1,0.732,9.01,66598971.97,60583178.88,20002.51,
Flores de Goi&aacute;s,5207907,florense,ALTRAN LOPES AVELAR NERY,3695.106,13744,3.72,14156,96.6,0.597,20.2,78871081.66,78339244.75,14409.16,
Formosa,5208004,formosense,SIMONE DIAS RIBEIRO DE MELO,5804.292,115901,19.97,120478,96.6,0.744,11.31,513403460.62,507537620.59,25836.62,
Formoso,5208103,formosense,HALISON MAC&Ecirc;DO DOS SANTOS,843.420,4660,5.53,4681,96.8,0.715,35.71,44351341.69,38969064.33,27249.74,
Gameleira de Goi&aacute;s,5208152,gameleirense,WIVVIANE DE CARVALHO DUARTE TELES,588.328,3456,5.87,3542,99.5,0.659,-,52107871.61,44059672.06,79664.33,
Divin&oacute;polis de Goi&aacute;s,5208301,divinopolino,ISTEINER ABREU ALVES DE OLIVEIRA,828.874,4457,5.38,4440,97.1,0.653,-,36879968.78,34814587.56,19506.41,
Goian&aacute;polis,5208400,goianapolino,JEOVA LEITE CARDOSO,166.642,13967,83.81,14555,96.4,0.703,10.64,85279348.66,76288534.02,26244.18,
Goiandira,5208509,goiandirense,ALLISON HENRIQUE BARBOSA PEIXOTO,569.917,4973,8.73,4986,98.6,0.760,41.67,46200368.21,41865371.7,35786.48,
Goian&eacute;sia,5208608,goianesiense,RENATO MENEZES DE CASTRO,1547.319,73707,47.64,77014,98,0.727,4.82,386243732.2,379862795.62,26209.49,
Goi&acirc;nia,5208707,goianiense,SANDRO DA MABEL ANT&Ocirc;NIO SCODRO,729.296,1437366,1970.90,1494599,96.4,0.799,13.28,9128001190.67,9534406325.07,38483.54,
Goianira,5208806,goianirense,CLEYTON AMARAL DAVID BENTO,213.772,71916,336.41,78754,97.6,0.694,6.8,301200110.83,288590781.95,23827.46,
Goi&aacute;s,5208905,goiano,ADERSON LIBERATO GOUVEA,3108.423,24071,7.74,24233,98.2,0.709,16.13,154762266.64,148808540.96,34522.53,
Goiatuba,5209101,goiatubense,ALBERTO LOPES RIBEIRO,2479.580,35664,14.38,36777,96.9,0.725,21.08,365750872.58,370541964.17,63235.88,
Gouvel&acirc;ndia,5209150,gouvelandense,FAUSTO CAIADO BARBOSA,827.373,4390,5.31,4356,98.8,0.674,22.22,56273523.99,52416552.23,27875.01,
Guap&oacute;,5209200,guapoense,FRANK ESTEVAN FAUSTO DOS SANTOS OLIVEIRA,514.178,19545,38.01,20588,96.8,0.697,27.03,107180560.92,96152568.07,24473.26,
Guara&iacute;ta,5209291,guaraitense,HEBER DE LIMA FERNANDES,205.533,2188,10.65,2185,98.4,0.687,55.56,27504779.07,24929805.79,27385.52,
Guarani de Goi&aacute;s,5209408,guaraniense,JANEZIO PEREIRA DA SILVA,1221.054,4085,3.35,4106,97.2,0.637,23.26,51321692.67,45648083.78,22647.9,
Guarinos,5209457,guarinense,JJUNIO ANTONIO BARBOSA,593.188,2161,3.64,2165,98.1,0.652,-,28593794.84,24353028.82,38276.46,
Heitora&iacute;,5209606,heitoraiense,ESMAEL PEREIRA DUARTE,228.615,3354,14.67,3360,97,0.694,29.41,36086191.87,28678285.71,22414.5,
Hidrol&acirc;ndia,5209705,hidrolandense,JOS&Eacute; D&Eacute;LIO ALVES J&Uacute;NIOR,952.122,27742,29.14,29827,97.1,0.706,16.44,214541598.43,194935787.9,58986.49,
Hidrolina,5209804,hidrolinense,ELI GON&Ccedil;ALVES SIQUEIRA,583.756,3545,6.07,3514,98,0.677,-,35428194.6,31792291.84,25432.76,
Iaciara,5209903,iaciarense,WAGNER NERY SAMPAIO,1547.183,10584,6.84,10430,97.2,0.644,20.73,74266020.02,76834204.34,15934.79,
Inaciol&acirc;ndia,5209937,inaciolandense,CL&Aacute;UDIO HENRIQUE CAIXETA,689.201,5954,8.64,6061,98.4,0.692,-,57773928.63,57188814.89,37852.64,
Indiara,5209952,indiarense,MARCONI MACIEL DE MELO MATIAS,955.419,17061,17.86,17747,96.8,0.701,5.21,109811386.34,109536429.58,41116.41,
Inhumas,5210000,inhumense,JOS&Eacute; ESSADO NETO,614.887,52204,84.90,53629,98.4,0.720,21.07,253766830.26,238891501.44,26208.47,
Ipameri,5210109,ipamerino,JANIO PACHECO,4382.863,25548,5.83,26163,97.4,0.701,6.35,226489422.49,223171479.72,88777.75,
Ipiranga de Goi&aacute;s,5210158,ipiranguense,BALTAZAR LUIZ DA SILVA,244.209,2919,11.95,2964,98.1,0.696,27.78,35116214.53,33086214.66,24183.63,
Ipor&aacute;,5210208,iporaense,MAYSA PERES CUNHA PEIXOTO,1027.249,35684,34.74,36983,98.4,0.743,7.14,192584178.86,206038328.66,27844.57,
Israel&acirc;ndia,5210307,israelandense,ADELICIA MOURA DA COSTA,579.190,2560,4.42,2540,99.5,0.711,-,31652855.74,28041087.37,25779.67,
Itabera&iacute;,5210406,itaberino,RITA DE C&Aacute;SSIA SOARES MENDON&Ccedil;A,1461.916,44734,30.60,46943,97.5,0.719,7.22,267835795.08,263303256.85,40717.25,
Itaguari,5210562,itaguarino,HELIO MARCOS VIEIRA DE LIMA,142.652,4963,34.79,5088,98.4,0.693,21.28,37311143.64,33977268.36,20950.72,
Itaguaru,5210604,itaguaruense,JOAQUIM FERNANDO MOREIRA ARA&Uacute;JO,241.029,4904,20.35,4880,99,0.718,-,40878575.96,37722502.95,20077.23,
Itaj&aacute;,5210802,itajaense,LUCAS MACHADO FERREIRA,2082.737,4380,2.10,4328,98,0.691,-,49534345.67,48298421.75,29804.12,
Itapaci,5210901,itapacino,FABIO MARCOS DE OLIVEIRA,952.998,21087,22.13,21708,97.5,0.725,3.92,124293740.11,120412743.35,22957.92,
Itapirapu&atilde;,5211008,itapirapuano,C&Aacute;SSIO ROBERTO HIL&Aacute;RIO DA SILVA,2047.874,8007,3.91,8125,98.1,0.677,-,45751737.27,37258710.82,50746.28,
Itapuranga,5211206,itapuranguense,GERALDO PAULO FERNANDES,1281.404,26113,20.38,26574,99.2,0.726,3.33,148659540.29,119526925.66,21625.79,
Itarum&atilde;,5211305,itarumaense,LUIZ HENRIQUE DE ASSIS,3437.367,6101,1.77,6142,95.2,0.693,-,64514745.36,52712273.57,44273.04,
Itau&ccedil;u,5211404,itau&ccedil;uense,CLAYTON PEREIRA DE MELO,383.066,7736,20.19,7701,95.7,0.718,36.14,68113386.34,64662239.58,24446.39,
Itumbiara,5211503,itumbiarense,DIONE JOSE DE ARAUJO,2447.014,107970,44.12,112289,97.9,0.752,9.58,750715679.48,705669092.5,49832.28,
Ivol&acirc;ndia,5211602,ivolandense,VALDESSON VIEIRA J&Uacute;NIOR,1260.841,2693,2.14,2729,97.1,0.704,-,39932848.37,35287889.81,60836.45,
Jandaia,5211701,jandaiense,DANILO FERREIRA GOMES,863.087,6272,7.27,6360,99.6,0.707,-,62860369.02,61652867.69,71123.73,
Jaragu&aacute;,5211800,jaraguense,PAULO VITOR AVELAR,1848.947,45223,24.46,46427,96.4,0.699,7.95,218161645.37,214012898.4,17633.06,
Jata&iacute;,5211909,jataiense,GENEILTON FILHO DE ASSIS,7178.792,105729,14.73,110404,97.5,0.757,13.87,798954352.77,741212157.49,77472,
Jaupaci,5212006,jaupacino,EDVALDO BATISTA GUIMAR&Atilde;ES FILHO,528.783,2924,5.53,2946,100,0.689,-,29021575.72,27241494.87,29246.5,
Jes&uacute;polis,5212055,jesupolino,ADRIANO PEIXOTO OLIVEIRA,115.211,2123,18.43,2124,92.5,0.649,45.45,30820566.45,26993115.75,15883.46,
Jovi&acirc;nia,5212105,jovianiense,MAX PEREIRA BARBOSA,446.258,7159,16.04,7247,96.8,0.706,11.49,67995122.67,61694608.31,46127.55,
Jussara,5212204,jussariano,MARIA IDALI DA SILVA BONTEMPO,4092.339,19620,4.79,19901,97.6,0.743,17.94,146804541.55,130683678.54,37965.38,
Lagoa Santa,5212253,lagoense,ADIVAIR GON&Ccedil;ALVES DE MACEDO,463.289,1390,3.00,1426,98.5,0.740,76.92,30962854.19,29937774.15,30915.65,
Leopoldo de Bulh&otilde;es,5212303,leopoldense,ROBERTA C&Acirc;NDIDA CAETANO,476.137,8745,18.37,9035,97.3,0.659,-,58662814.47,62633549.45,44788.08,
Luzi&acirc;nia,5212501,luzianiense,DIEGO VAZ SORGATTO,3962.107,209129,52.78,218872,97,0.701,14.49,882298532.9,865837180.32,25322.67,
Mairipotaba,5212600,mairipotabense,LINDOMAR CLAUDINO BESSA,468.029,2561,5.47,2618,99.3,0.745,-,35107682.18,33823820.42,37444.08,
Mamba&iacute;,5212709,mambaiense,EDER ORNELAS LACERDA,858.270,8124,9.47,8405,96.4,0.626,14.49,45300052.61,42421677.35,11591.02,
Mara Rosa,5212808,mararrosense,FLAVIO DIVINO MAURICIO DE MOURA,1695.463,10700,6.31,10815,98.3,0.691,-,96327896.91,86597451.21,31540.79,
Marzag&atilde;o,5212907,marzagonense,SOLIMAR CARDOSO DE SOUZA,225.518,2758,12.23,2893,98.8,0.699,-,34446995.19,30311525.52,30283.73,
Matrinch&atilde;,5212956,matrinchaense,IV&Acirc;NIA ALVES FERNANDES,1150.503,4042,3.51,4033,97.9,0.679,26.32,50105159.03,42711858.02,39493.54,
Mauril&acirc;ndia,5213004,maurilandense,WANDERVAL SILVA MARTINS,389.959,10304,26.42,10239,97.5,0.677,-,68648292.18,74117277.13,17016.16,
Mimoso de Goi&aacute;s,5213053,mimosense,RAFAEL BRUNO MOREIRA DE ATAIDES,1380.701,2614,1.89,2633,99.6,0.665,-,34474540.1,28281981.9,96137.29,
Mina&ccedil;u,5213087,mina&ccedil;uense,CARLOS ALBERTO LEREIA DA SILVA,2854.137,27075,9.49,26939,98.6,0.707,13.37,207798326.69,208655155.28,45467.16,
Mineiros,5213103,mineirense,ALEOMAR DE OLIVEIRA REZENDE,9042.844,70081,7.75,73781,97.3,0.718,7.47,739458190.66,680737097.4,47334.97,
Moipor&aacute;,5213400,moiporaense,WILSON JOS&Eacute; FERREIRA,452.314,1685,3.73,1693,99.6,0.696,-,29303573.59,25804770.95,36192.97,
Monte Alegre de Goi&aacute;s,5213509,monte-alegrense,FELIPI DE SOUSA CAMPOS,3119.860,6692,2.14,6613,95.7,0.615,17.24,45460806.43,38778805.79,13730.33,
Montes Claros de Goi&aacute;s,5213707,montes-clarense,JOSE VILMAR MACIEL,2900.397,8756,3.02,8972,99.6,0.707,19.61,81442771.52,79393277.28,62061.41,
Montividiu,5213756,montividiuense,EDSON BUENO COUTINHO,1869.581,12521,6.70,12957,98.4,0.733,6.06,147464625.67,134625653.74,115134.24,
Montividiu do Norte,5213772,montividense,CLEMERSON LOPES DA SILVA,1337.232,3779,2.83,3770,96.8,0.613,19.23,38174062.46,27689424.65,23981.14,
Morrinhos,5213806,morrinhense,MAYCLLYN MAX CARREIRO RIBEIRO,2846.299,51351,18.04,53640,97.9,0.734,14.13,293367095.41,284324979.79,39557.81,
Morro Agudo de Goi&aacute;s,5213855,morro-agudense,DENY LELES APARECIDO ROSA,282.333,2456,8.70,2499,99.7,0.695,26.32,33269006.02,31316904.95,24727.92,
Moss&acirc;medes,5213905,mossamedino,MARTA MARIA CAETANO DE ALMEIDA CUNHA,684.882,4654,6.80,4655,99.2,0.706,-,50411828.93,47992847.53,31996.24,
Mozarl&acirc;ndia,5214002,mozarlandense,LUCIJANE FREIRES ALENCAR CARLOS DA SILVA,1738.516,14750,8.48,15109,97.5,0.683,20.3,88975967.91,97371814.57,63757.4,
Mundo Novo,5214051,mundo-novense,MARLENE LOUREN&Ccedil;O,2141.534,6189,2.89,6223,97.7,0.634,12.66,50908886.44,45121703.57,39830.62,
Mutun&oacute;polis,5214101,mutunopolitano,LUIZ MARTINS DE OLIVEIRA,955.069,3564,3.73,3562,98.7,0.680,-,38068016.61,35140240.61,23050.68,
Naz&aacute;rio,5214408,nazarinense,JO&Atilde;O BATISTA CARVALHO,281.147,8189,29.13,8330,98.8,0.710,25.97,59753668.57,52614866.83,29537.06,
Ner&oacute;polis,5214507,neropolino,LUIZ ALBERTO FRANCO ARAUJO,204.713,31932,155.98,33706,97.8,0.721,8.18,232390202.4,250521864.74,33014.91,
Niquel&acirc;ndia,5214606,niquelandense,CARLOS EDUARDO MOREIRA,9846.293,34964,3.55,34466,97.8,0.715,13.26,208915771,233951129.35,27445.17,
Nova Am&eacute;rica,5214705,nova-americano,CL&Eacute;BER JUNIO DE SOUZA,209.432,2337,11.16,2375,99.4,0.678,-,31027848.76,26547044.53,20692.74,
Nova Aurora,5214804,nova-aurorense,JO&Atilde;O PIMENTA DE P&Aacute;DUA J&Uacute;NOR,307.335,2101,6.84,2130,100,0.747,38.46,32132778.96,25754392.87,31766.48,
Nova Crix&aacute;s,5214838,nova-crixaense,RODRIGO BARBOSA TAVARES,7308.681,12815,1.75,13095,96.7,0.643,5.38,115686925.18,109731053.53,48273.7,
Nova Gl&oacute;ria,5214861,nova-glorino,LUIZ JOSE DA SILVA,411.753,8310,20.18,8375,99.2,0.681,13.7,40873362.41,36208171.67,17507.08,
Nova Igua&ccedil;u de Goi&aacute;s,5214879,nova igua&ccedil;uense,JOSE RIBEIRO DE ARAUJO,625.625,3010,4.81,3072,96.5,0.655,-,38231051.31,30526511.51,20913.15,
Nova Roma,5214903,nova-romano,ELEUSES RODRIGUES GONZAGA,2136.725,3076,1.44,3053,97.9,0.634,-,40180020.58,34982921.29,20753.97,
Nova Veneza,5215009,nova-venezino,VALDEMAR BATISTA COSTA,122.354,9481,77.49,9790,98,0.718,36.04,59281420.66,59242783.23,19352.83,
Novo Brasil,5215207,novo-brasilense,GABRIEL GOMES ALVES DE CASTRO,649.349,3527,5.43,3568,98.7,0.699,-,35662541.57,31888936.86,30714.96,
Novo Gama,5215231,novo-gamense,CARLOS ALVES DOS SANTOS,192.285,103804,539.84,107092,95.7,0.684,10.81,358777709.24,337746214.71,9645.45,
Novo Planalto,5215256,planaltense,EUDES RODRIGUES DE ARA&Uacute;JO,1254.491,3716,2.96,3723,91.4,0.658,23.26,44841317.77,42452890.13,34940.56,
Orizona,5215306,orizonense,FELIPE ANTONIO DIAS,1971.265,16399,8.32,16890,99.2,0.715,16.04,106607788.9,104689622.08,59249.42,
Ouro Verde de Goi&aacute;s,5215405,ouro-verdense,RODRIGO PEREIRA FONSECA,208.804,4057,19.43,4108,98.8,0.719,52.63,40809754.24,36145075.8,40772.28,
Ouvidor,5215504,ouvidorense,C&Eacute;BIO MACHADO DO NASCIMENTO,411.318,7200,17.50,7542,98.7,0.747,-,109679384.74,106306796.1,111007.81,
Padre Bernardo,5215603,padre-bernardense,JOSELEIDE L&Aacute;ZARO LUIZ DA SILVA,3142.615,34967,11.13,36692,96.1,0.651,20.73,169691859.82,169785643.2,30051.96,
Palestina de Goi&aacute;s,5215652,palestinense,ALTENIAS GON&Ccedil;ALVES DE SOUSA,1318.047,3132,2.38,3132,98.6,0.713,27.03,38003076.03,31968340.07,49911.27,
Palmeiras de Goi&aacute;s,5215702,palmeirense,OSVALDO CASSIANO DE FARIA,1537.196,31858,20.72,33749,96.7,0.698,14.77,188144932.11,177057254.42,59193.38,
Palmelo,5215801,palmelino,RENATO DAMASIO RESENDE,59.809,2259,37.77,2273,97.8,0.730,-,32428825.48,30433779.52,23403.91,
Palmin&oacute;polis,5215900,palminopolino,FRANC HELVIS VAZ,393.326,3851,9.79,3939,99.6,0.722,-,41221872.54,35428752.67,61499.64,
Panam&aacute;,5216007,panamenho,RENE DA MOTA OLIVEIRA,432.204,2455,5.68,2449,98.9,0.686,-,38508480.23,33961437.23,42327.07,
Paranaiguara,5216304,paranaiguarense,JOS&Eacute; CARLOS BARBOSA,1153.415,7607,6.60,7470,98.9,0.711,11.49,66948964.31,63823627.22,23154.98,
Para&uacute;na,5216403,paraunense,FLAVIO AUGUSTO NEGRAO DE MORAES,3786.578,10659,2.81,10749,98.8,0.672,7.81,148173001.52,144547149.7,141965.55,
Perol&acirc;ndia,5216452,perolandense,GRETE ELISA BALZ ROCHA,1033.657,2964,2.87,3000,99.2,0.676,31.25,70068592.61,58696540.74,224457.66,
Petrolina de Goi&aacute;s,5216809,petrolinense,TIAGO PACHECO DE JESUS,530.490,9573,18.05,9577,98.3,0.712,10.75,56990493.22,56635795.88,17458.09,
Pilar de Goi&aacute;s,5216908,pilarense,TIAGO JAPIASSU BATISTA DO NASCIMENTO ANDRADE,906.048,2328,2.57,2288,98.1,0.684,-,39615920.03,34171417.72,90276.06,
Piracanjuba,5217104,piracanjubense,LENIZIA ALVES CANEDO,2374.232,24883,10.48,25309,97.8,0.721,14.56,160857509.76,184169491.2,50483.15,
Piranhas,5217203,piranhense,FABIO LASSERRE SOUSA BORGES,2045.088,11712,5.73,11913,98,0.721,-,72528774.31,76107595.76,59972.94,
Piren&oacute;polis,5217302,pirenopolino,NIVALDO ANT&Ocirc;NIO DE MELO,2200.369,26690,12.13,27757,97.8,0.693,6.56,132089699,126161981.24,25391.73,
Pires do Rio,5217401,piresino,HUGO S&Eacute;RGIO BATISTA,1077.641,32373,30.04,33494,97.7,0.744,9.43,189496767.3,172791420.75,44033.84,
Planaltina,5217609,planaltinense,CRISTIOM&Aacute;RIO DE SOUSA MEDEIROS,2558.924,105031,41.04,110619,96.4,0.669,5.1,485854278.64,480570919.38,15906.74,
Pontalina,5217708,pontalinense,EDSON GUIMARAES DE FARIA,1434.289,18309,12.77,18685,92.3,0.687,13.57,100273516.98,96036930.96,40069.82,
Porangatu,5218003,porangatuense,VANUZA PRIMO DE ARA&Uacute;JO VALADARES,4825.287,44317,9.18,45400,98,0.727,10.77,262090385.44,256718377.49,31180.63,
Porteir&atilde;o,5218052,porteirense,JO&Atilde;O HENRIQUE SILVA,606.273,4070,6.71,4225,94,0.684,-,47263813.49,49861721.97,55908.76,
Portel&acirc;ndia,5218102,portelandense,MARLY DAVID REZENDE RODRIGUES,553.411,3280,5.93,3234,97.7,0.654,19.61,46671090.61,43154733.38,91091.58,
Posse,5218300,possense,PAULO CEZAR KRAUSPENHAR,2076.990,34914,16.81,36060,95.7,0.659,7.25,171794375.44,166532234.97,18552.12,
Professor Jamil,5218391,jamilense,NEY FABIO DE NOVAES,356.292,3649,10.24,3732,98.6,0.684,-,35605706.05,29283517.83,22449.72,
Quirin&oacute;polis,5218508,quirinopolino,ANDERSON DE PAULA SILVA,3786.026,48447,12.80,49986,97.2,0.740,6.41,313521607.48,312354439.09,41843.87,
Rialma,5218607,rialmense,LUCAS SILVA CHAVES,268.291,12165,45.34,12551,99.7,0.727,12.35,69273679.4,62192730.5,28691.24,
Rian&aacute;polis,5218706,rianapolino,GILBER ROQUE PEREIRA DE MIRANDA,157.379,3980,25.29,3938,98.6,0.693,-,36139615.84,31996597.88,17221.78,
Rio Quente,5218789,rio-quentense,ANA PAULA LIMA DE OLIVEIRA MACHADO,244.655,3864,15.79,3994,99,0.731,18.87,74426953.14,67661209.62,68973.42,
Rio Verde,5218805,rio-verdense ou rio-verdino,WELLINGTON SOARES CARRIJO FILHO,8374.254,225696,26.95,238025,97,0.754,10.6,2257621598.94,2331299920.9,65948.14,
Rubiataba,5218904,rubiatabense,WEBER SIVIRINO DA COSTA,750.659,19788,26.36,20132,98.9,0.719,14.02,112452872.46,114638064.57,28277.26,
Sanclerl&acirc;ndia,5219001,sanclerlandense,JOS&Eacute; LAGARES DA CRUZ,509.402,7918,15.54,8063,99.4,0.736,-,53463347.67,54207774.7,28513.05,
Santa B&aacute;rbara de Goi&aacute;s,5219100,santa-barbarense,JOB MARTINS DE DEUS,140.957,6149,43.62,6280,99.4,0.706,13.89,50547289.26,43899056.87,22997.54,
Santa Cruz de Goi&aacute;s,5219209,santa-cruzano,&Acirc;NGELO NATAL DA PAZ,1109.007,3002,2.71,3016,99.3,0.688,-,40572917.42,36275679.74,106126.79,
Santa F&eacute; de Goi&aacute;s,5219258,santa-feense,VICTOR FERREIRA PARENTE,1164.186,4951,4.25,5036,98.7,0.713,13.7,54784374.43,48119730.74,46582.9,
Santa Helena de Goi&aacute;s,5219308,santa-helenense,IRIS MARTINS PARREIRA,1142.337,38492,33.70,39481,97.3,0.724,17.2,230268150.76,238125209.94,41603.02,
Santa Isabel,5219357,santa-isabelense,LEVINO DE SOUZA SILVA,812.756,3538,4.35,3556,97.2,0.683,-,38079219.56,34043762.43,32236.34,
Santa Rita do Araguaia,5219407,santa-ritense,CARLOS TADEU ROCHA VIEIRA,1357.197,5924,4.36,5842,94.3,0.714,22.99,41731160.49,41752533.44,22497.6,
Santa Rita do Novo Destino,5219456,santaritense,ROBERTO JO&Atilde;O DE OLIVEIRA,970.448,2689,2.77,2648,95.5,0.634,-,33822486.78,29058668.16,32686.66,
Santa Rosa de Goi&aacute;s,5219506,santa-rosense,ULISSES ALVES DE BRITO,166.440,2820,16.94,2837,98.2,0.701,32.26,36232049.88,32953917.37,31047.5,
Santa Tereza de Goi&aacute;s,5219605,santerezino,LEIA MENDONCA DOS REIS BORGES,789.544,3293,4.17,3225,95.1,0.665,26.32,36103229.82,31844641.68,27303.62,
Santa Terezinha de Goi&aacute;s,5219704,terezinhense,KARLA CRISTINA MOREIRA ALVES,1206.600,10645,8.82,10818,95.8,0.701,45.45,75053706.37,74993148.01,22756.37,
Santo Ant&ocirc;nio da Barra,5219712,santatoniense,JOS&Eacute; C&Acirc;NDIDO DO NASCIMENTO,450.336,4267,9.48,4293,96,0.691,20.83,57392100.27,52421647.76,65696,
Santo Ant&ocirc;nio de Goi&aacute;s,5219738,santoantoniense,KLEBER COSME DE FREITAS,135.022,7386,54.70,7873,97.1,0.723,32.97,52882732.45,51309502.66,23484.36,
Santo Ant&ocirc;nio do Descoberto,5219753,descobertense,JESSICA APARECIDA RIBEIRO GOMES,943.948,72127,76.41,74614,96.9,0.665,21.33,264976871.08,252703328.61,10740.31,
S&atilde;o Domingos,5219803,dominicano,GILVANIR CARDOSO DOS REIS,3335.999,9711,2.91,9581,96.7,0.597,17.7,65817971.25,64692721.11,15501.28,
S&atilde;o Francisco de Goi&aacute;s,5219902,franciscano,CLEUTON GOMES DE MOURA,416.535,6378,15.31,6491,96.4,0.651,14.71,42722408.48,39758039.44,20843.18,
S&atilde;o Jo&atilde;o d'Alian&ccedil;a,5220009,s&atilde;o-joanense,GENIVAM GON&Ccedil;ALVES DOS SANTOS,3334.455,14041,4.21,14757,96,0.685,23.12,99885718.42,88802549.12,39519.42,
S&atilde;o Jo&atilde;o da Para&uacute;na,5220058,joanino,UBIRAJARA ANT&Ocirc;NIO DUARTE JUNIOR,286.979,1774,6.18,1807,98.3,0.724,-,36261798.14,32065094.94,106413.74,
S&atilde;o Lu&iacute;s de Montes Belos,5220108,monte-belense,JORCELINO MARQUES PALMEIRA JUNIOR,829.620,33852,40.80,35031,99.3,0.731,15.35,216197715.04,221575493.6,43113.66,
S&atilde;o Luiz do Norte,5220157,s&atilde;o-luizense,ELIEUDES DIAS DE MORAES,583.832,4837,8.28,4926,98.7,0.669,13.7,51540371.95,45363887.62,26105.86,
S&atilde;o Miguel do Araguaia,5220207,s&atilde;o-miguelense,JERONYMO JOS&Eacute; DE SIQUEIRA NETO,6150.179,21900,3.56,22079,96.6,0.664,10.56,143869600.9,147948737.93,31652.35,
S&atilde;o Miguel do Passa Quatro,5220264,passa-quatrense,GILMAR PEREIRA DE SOUZA,537.347,4464,8.31,4621,98.1,0.697,28.57,41984289.88,41416982.31,77155.36,
S&atilde;o Patr&iacute;cio,5220280,sampatriciense,DANILO MAX DE SOUZA COSTA,172.763,2143,12.40,2190,98.6,0.693,-,36442569.66,31057190.91,26200.79,
S&atilde;o Sim&atilde;o,5220405,canalense,WALLISSON JOSE DE FREITAS,415.015,17020,41.01,17194,97.3,0.720,20.1,207980847.83,182294478.12,67212.38,
Senador Canedo,5220454,canedense,FERNANDO PELLOZO,247.005,155635,630.09,169849,96.8,0.701,14.95,1252643467.75,1058008680.02,39235.95,
Serran&oacute;polis,5220504,serranopolino,ZILMAR FERREIRA DA SILVA CARVALHO,5521.774,8027,1.45,8201,97.1,0.681,11.76,85334830.19,80045049.18,74691.15,
Silv&acirc;nia,5220603,silvaniense,CARLOS JOS&Eacute; MAYER DOS SANTOS,2349.924,22245,9.47,22939,97.4,0.709,11.41,144977845.29,151338274.97,62830.64,
Simol&acirc;ndia,5220686,simolandense,ILDETE GOMES FERREIRA,346.811,5742,16.56,5693,97.5,0.645,-,39543786.25,33790582.75,25136.64,
S&iacute;tio d'Abadia,5220702,sitiense,ORLANDO JOSE DA SILVA NETO,1611.851,2927,1.82,2973,97.6,0.617,32.26,33181381.41,35125188.24,24972.69,
Taquaral de Goi&aacute;s,5221007,taquaralense,LORENA MACHADO NERI,205.665,4026,19.58,4146,98.4,0.716,21.28,35781486.34,34728169.84,25470.46,
Teresina de Goi&aacute;s,5221080,teresinense,KLEVERTON BARBOSA DE MELLO,784.793,2701,3.44,2685,97.2,0.661,27.03,33520410.95,27809778.32,11057.61,
Terez&oacute;polis de Goi&aacute;s,5221197,terezopolino,FHELIPE OLIVEIRA DE ALMEIDA SOUZA,107.407,7944,73.96,8243,98.4,0.685,24.1,49426951.98,47556604.81,25350.44,
Tr&ecirc;s Ranchos,5221304,triranchense,HAROLDO CALA&Ccedil;A COELHO,284.034,2921,10.28,2970,100,0.745,-,42823940.74,37471605.67,22565.69,
Trindade,5221403,trindadense,MARDEN GABRIEL ALVES DE AGUIAR J&Uacute;NIOR,712.690,142431,199.85,150858,96.4,0.699,11.45,581125834.86,560945414.93,20200.76,
Trombas,5221452,trombense,DELVAIR RAMOS MARINHO,802.905,3120,3.89,3106,97.1,0.653,-,41901413.99,36023510.68,20052.54,
Turv&acirc;nia,5221502,turvaniense,JADIR DIAS POLICARPIO,482.317,4480,9.29,4478,97.6,0.697,-,39051956.26,37308129.66,45157.61,
Turvel&acirc;ndia,5221551,turvelandense,OSELIA LUCIA DE CARVALHO ALVES,935.659,4985,5.33,5130,98.1,0.691,30.77,67145444.19,60975591.82,103995.03,
Uirapuru,5221577,uirapuruense,ELIVAN RIBEIRO DOS SANTOS,1154.305,2798,2.42,2809,97.7,0.670,40,37237873.23,36053973.35,27365.87,
Urua&ccedil;u,5221601,urua&ccedil;uense,AZARIAS MACHADO NETO,2142.484,42546,19.86,44150,95.6,0.737,13.09,229692242.68,216447456.9,31588.72,
Uruana,5221700,uruanense,NEI DOS REIS CRUZ,522.904,13729,26.26,13871,94.9,0.703,14.39,87543129.19,81613346.44,21337.92,
Uruta&iacute;,5221809,uruta&iacute;no,ALEXANDRE DE ARA&Uacute;JO SILVA,623.821,3553,5.70,3667,97.3,0.732,-,38190632.14,38022778.91,53927.59,
Valpara&iacute;so de Goi&aacute;s,5221858,valparaisense,MARCUS VINICIUS MENDES FERREIRA,61.488,198861,3234.14,213506,96.8,0.746,12.46,774682073.19,750415098.27,16870.66,
Varj&atilde;o,5221908,varj&atilde;oense,DIOGO GUIMAR&Atilde;ES DE ALMEIDA,517.402,3716,7.18,3768,97.9,0.687,30.3,37164921.99,36737036.99,27309.69,
Vian&oacute;polis,5222005,vianopolino,MARCELO UMBELINO DE REZENDE,954.115,14956,15.68,15476,98.6,0.712,15.71,101927987.51,96188674.46,60900.61,
Vicentin&oacute;polis,5222054,vicentinopolino,ARIOVALDO JESUS DE CARVALHO,733.794,8768,11.95,9077,99.1,0.684,7.3,94394743.99,81977403.04,53340.72,
Vila Boa,5222203,vilaboense,RUBENS FRANCISCO LOPES,1052.593,4215,4.00,4185,96,0.647,-,42532173.67,41840077.86,27886.97,
Vila Prop&iacute;cio,5222302,propiciense,WALDILEI JOSE DE LEMOS,2181.593,5815,2.67,5982,96.9,0.634,-,65923591.87,55745166.98,51845.31,

<table class="fontes-container"><tr><th>Notas:</th></tr><tr><td>Escolariza&ccedil;&atilde;o <span>6 a 14 anos</span>: [população residente no município de 6 a 14 anos de idade matriculada no ensino regular/total de população residente no município de 6 a 14 anos de idade] x 100</td></tr><tr><th>Fontes:</th></tr><tr><td>Área Territorial: Área territorial brasileira 2022. Rio de Janeiro: IBGE, 2023</td></tr><tr><td>Popula&ccedil;&atilde;o no &uacute;ltimo censo: Censo 2022: População e Domicílios - Primeiros Resultados - Atualizado em 22/12/2023</td></tr><tr><td>Densidade demogr&aacute;fica: Censo 2022: População e Domicílios - Primeiros Resultados - Atualizado em 22/12/2023</td></tr><tr><td>Popula&ccedil;&atilde;o estimada: IBGE, Diretoria de Pesquisas, Coordenação de População e Indicadores Sociais, Estimativas da população residente com data de referência 1o de julho de 2024</td></tr><tr><td>Escolariza&ccedil;&atilde;o <span>6 a 14 anos</span>: IBGE, Censo Demográfico 2010</td></tr><tr><td>IDHM <span>&Iacute;ndice de desenvolvimento humano municipal</span>: Programa das Nações Unidas para o Desenvolvimento - PNUD</td></tr><tr><td>Mortalidade infantil: Ministério da Saúde, Departamento de Informática do Sistema Único de Saúde - DATASUS 2022</td></tr><tr><td>Total de receitas brutas realizadas: Siconfi: Sistema de Informações Contábeis e Fiscais do Setor Público Brasileiro. Brasília, DF, [2023]. Disponível em: https://siconfi.tesouro.gov.br/siconfi/pages/public/consulta_finbra/finbra_list.jsf. Acesso em: jun. 2024, Contas anuais. Receitas orçamentárias realizadas (Anexo I-C) 2023 e Despesas orçamentárias empenhadas (Anexo I-D) 2023. In: Brasil. Secretaria do Tesouro Nacional</td></tr><tr><td>Total de despesas brutas empenhadas: Siconfi: Sistema de Informações Contábeis e Fiscais do Setor Público Brasileiro. Brasília, DF, [2023]. Disponível em: https://siconfi.tesouro.gov.br/siconfi/pages/public/consulta_finbra/finbra_list.jsf. Acesso em: jun. 2024, Contas anuais. Receitas orçamentárias realizadas (Anexo I-C) 2023 e Despesas orçamentárias empenhadas (Anexo I-D) 2023. In: Brasil. Secretaria do Tesouro Nacional</td></tr><tr><td>PIB per capita: IBGE, em parceria com os Órgãos Estaduais de Estatística, Secretarias Estaduais de Governo e Superintendência da Zona Franca de Manaus - SUFRAMA</td></tr></table>