Maranh&atilde;o | Todos os Munic&iacute;pios
Munic&iacute;pio [-],C&oacute;digo [-],Gent&iacute;lico [-],Prefeito [2025],&Aacute;rea Territorial - km&sup2; [2024],Popula&ccedil;&atilde;o no &uacute;ltimo censo - pessoas [2022],Densidade demogr&aacute;fica - hab/km&sup2; [2022],Popula&ccedil;&atilde;o estimada - pessoas [2024],Escolariza&ccedil;&atilde;o &lt;span&gt;6 a 14 anos&lt;/span&gt; - % [2010],IDHM &lt;span&gt;&Iacute;ndice de desenvolvimento humano municipal&lt;/span&gt; [2010],Mortalidade infantil - &oacute;bitos por mil nascidos vivos [2023],Total de receitas brutas realizadas - R$ [2024],Total de despesas brutas empenhadas - R$ [2024],PIB per capita - R$ [2021],
A&ccedil;ail&acirc;ndia,2100055,a&ccedil;ailandense,BENJAMIM DE OLIVEIRA,5805.159,106550,18.35,110506,97.7,0.672,12.53,715311395.6,666944885.25,33649.84,
Afonso Cunha,2100105,afonsense,PEDRO FERREIRA MEDEIROS,371.765,6144,16.55,6296,96.6,0.529,-,74322131.17,89330489.13,12828.8,
&Aacute;gua Doce do Maranh&atilde;o,2100154,aguadocense,MARIA ELIANE DA COSTA DIAS,442.292,12142,27.45,12446,98.3,0.500,6.9,81224134.72,73764991.66,7986.15,
Alc&acirc;ntara,2100204,alcantarense,NIVALDO ARA&Uacute;JO DE JESUS,1167.964,18467,15.81,18774,96.8,0.573,20.1,100179351.8,90262127.3,6725,
Aldeias Altas,2100303,aldeias-altense,KEDSON ARAUJO LIMA,1943.413,23286,11.99,23782,94.9,0.513,10.47,187948833.5,183711785.46,9246.08,
Altamira do Maranh&atilde;o,2100402,altamirense,MARTON SANDS C&Acirc;MARA PAGE&Uacute;,524.374,6447,12.29,6565,91.5,0.549,-,56744110.26,54067751.04,8669.76,
Alto Alegre do Maranh&atilde;o,2100436,alto-alegrense,NILSILENE SANTANA RIBEIRO ALMEIDA,392.750,24048,61.23,24543,95.5,0.554,19.34,132656994.7,116930178.56,10801.55,
Alto Alegre do Pindar&eacute;,2100477,alto-alegrense,JOSE FRANCINETE BENTO LUNA,1875.580,25710,13.71,26411,96.7,0.558,24.23,190458817.25,192352209.76,7876.42,
Alto Parna&iacute;ba,2100501,alto-parnaibano,RUBENS SUSSUMU OGASAWARA,11127.384,11109,1.00,11382,95.1,0.633,11.11,70097746.58,59202359.05,51543.79,
Amap&aacute; do Maranh&atilde;o,2100550,amapaense,NELENE DA COSTA GOMES,493.738,7170,14.27,7364,98,0.520,9.8,72326770.11,66582623.37,9963.57,
Amarante do Maranh&atilde;o,2100600,amarantino,VANDERLY GOMES MIRANDA,7441.771,37085,4.98,38333,95.1,0.555,19.43,196780871.46,185441667.21,9250.86,
Anajatuba,2100709,anajatubense,H&Eacute;LDER LOPES ARAG&Atilde;O,940.489,25322,26.92,26221,96.1,0.581,6.94,152071566.01,130807304.71,7642.36,
Anapurus,2100808,anapuruense,TANIOS MATIAS LIMA,608.903,13793,22.65,14111,98,0.581,7.49,102127765.17,91505564.41,9289.48,
Apicum-A&ccedil;u,2100832,apicum-a&ccedil;uense,JADER CLAUDIO PEREIRA SANTOS,341.120,17519,51.36,17984,96.8,0.568,8.85,100880367.09,87422611.08,7620.23,
Araguan&atilde;,2100873,araguanaense,FLAVIO RONNE AMORIM MUNIZ,805.194,11181,13.89,11347,96.3,0.533,23.08,105542781.84,102201002.78,6491.48,
Araioses,2100907,araiosense,JOAO CANDIDO CARVALHO NETO,1789.730,39052,21.82,40278,96.8,0.521,6.55,174706215.31,165493154.38,6005.38,
Arame,2100956,aramense,PEDRO FERNANDES RIBEIRO,2976.039,25517,8.57,26191,89.8,0.512,13.11,135384333.26,130360369.98,8845.77,
Arari,2101004,arariense,MARIA ALVES MUNIZ,1099.810,29472,26.79,30521,99,0.626,15.71,168418960.72,161859474.62,10438.57,
Axix&aacute;,2101103,axixaense,ROBERTA MARIA GONCALVES BARRETO COSTA,160.462,11790,73.48,12079,98.5,0.641,17.54,68050794.08,65207213.47,7964.97,
Bacabal,2101202,bacabalense,JOS&Eacute; ROBERTO COSTA SANTOS,1656.736,103711,62.60,107620,97.2,0.651,10.65,581565001.56,598349091.69,14412.91,
Bacabeira,2101251,bacabeirense,NAILA GON&Ccedil;ALO GASPAR,542.961,16966,31.25,17414,98.4,0.629,32.86,111136864.71,104596328.68,34352.98,
Bacuri,2101301,bacuriense,MARCIO FLAVIO DOS SANTOS ABREU,832.084,16290,19.15,16610,97.8,0.578,-,121818335.27,110205268.23,6563.37,
Bacurituba,2101350,bacuritubense,LETICIA LIBIA BARROS COSTA,413.651,5252,12.70,5374,98.8,0.537,-,39929272.91,34892148.37,6952.32,
Balsas,2101400,balsense,ALAN DOUGLAS DE OLIVEIRA,13141.162,101767,7.74,106094,94.4,0.687,15.25,608039020.49,579788640.94,65059.77,
Bar&atilde;o de Graja&uacute;,2101509,baronense,GLEYDSON RESENDE DA SILVA,2209.414,18984,8.59,19458,95.8,0.592,7.27,94448763.81,88290603.65,14115.69,
Barra do Corda,2101608,barra-cordense,RIGO ALBERTO TELIS DE SOUSA,5187.673,84532,16.29,87672,95.8,0.606,16.05,362141450.12,422008207.6,10004.24,
Barreirinhas,2101707,barreirinhense,MARCUS VINICIUS VALE LIMA,3046.308,65589,21.53,67999,96,0.570,18.95,317087689.19,306731692.83,9951.26,
Bel&aacute;gua,2101731,belaguaense,FRUTUOSO MACHADO DA PONTE FILHO,569.606,8460,14.85,8716,95.9,0.512,5.95,87142462.02,93427630.49,8006.04,
Bela Vista do Maranh&atilde;o,2101772,bela-vistense,ADILSON DA SILVA SOUSA,147.949,11750,79.42,12073,98.5,0.554,4.95,110873860.33,110573867.51,9480.51,
Benedito Leite,2101806,beneleitense,RODRIGO PIMENTEL DA SILVA COELHO,1784.640,5469,3.06,5597,97.5,0.546,-,38199732.6,34088524.05,12965.11,
Bequim&atilde;o,2101905,bequim&atilde;oense,ANTONIO JOS&Eacute; MARTINS,790.222,19584,24.78,19983,95.7,0.601,4.93,86643259.68,81211281.38,6480.26,
Bernardo do Mearim,2101939,bernardense,ARLINDO DE MOURA XAVIER JUNIOR,247.186,5840,23.63,5983,98.2,0.604,-,51482797.52,52943685.78,17228.18,
Boa Vista do Gurupi,2101970,boa-vistense,DILCILENE GUIMAR&Atilde;ES DE MELO OLIVEIRA,400.350,7574,18.92,7769,97.7,0.545,-,59807743.66,45280558.24,7953.1,
Bom Jardim,2102002,bom jardinense,CHRISTIANNE DE ARAUJO VAR&Atilde;O,6579.946,33100,5.02,34035,96.8,0.538,11.72,225074650.77,219942328.18,9793.62,
Bom Jesus das Selvas,2102036,bom-jesuense,FRANKLIM WILLAME RODRIGUES ARAUJO DUARTE,2676.930,28599,10.68,29588,88.7,0.558,14.11,179797072.15,186473897.82,10706.25,
Bom Lugar,2102077,bom-lugarense,MARLENE SILVA MIRANDA,445.171,12212,27.43,12414,94.3,0.562,7.75,85168374.02,77792538.15,7116.84,
Brejo,2102101,brejense,TH&Acirc;MARA ARAUJO DE CASTRO,1073.258,34120,31.79,35322,96,0.562,19.74,218080081.19,220756984.65,8907.79,
Brejo de Areia,2102150,brejareiense,GEIZIANNE DA CONCEI&Ccedil;&Atilde;O COSTA,986.036,9218,9.35,9387,94,0.519,16.95,49818830.62,52181967.04,8040.01,
Buriti,2102200,buritiense,ANDRE AUGUSTO KERBER INTROVINI,1475.779,29685,20.11,30799,99.1,0.548,14.99,128296398.07,133349270.91,9613.88,
Buriti Bravo,2102309,buriti-bravense,LUCIANA BORGES LEOCADIO,1581.721,22455,14.19,22940,97.3,0.590,9.49,124972597.04,111211411.63,9949.14,
Buriticupu,2102325,buriticupuense,JO&Atilde;O CARLOS TEIXEIRA DA SILVA,2553.663,55499,21.81,56896,96.1,0.556,9.7,379414160.92,360872069.24,10165.53,
Buritirana,2102358,buritiranense,TONISLEY DOS SANTOS SOUSA,821.261,12918,15.74,13157,98,0.583,13.07,77497545.64,76938554.15,7901.52,
Cachoeira Grande,2102374,cachoeirense,RAIMUNDO CESAR CASTRO DE SOUSA,707.236,9732,13.76,10004,92.9,0.537,7.94,51268667.99,49040960.09,6404.03,
Cajapi&oacute;,2102408,cajapioense,R&Ocirc;MULO ROBERTO MARQUES NUNES,545.244,10121,18.56,10342,97.2,0.553,9.62,57113587.03,52680096.25,6279.23,
Cajari,2102507,cajariense,CONSTANCIO ALESSANCO COELHO DE SOUZA,662.066,16412,24.79,16711,96.4,0.523,26.6,98286390.62,93428507.31,6562.71,
Campestre do Maranh&atilde;o,2102556,campestrino,FERNANDO OLIVEIRA DA SILVA,613.529,12301,20.05,12553,97.8,0.652,12.27,88223647.93,79930277.86,14730.8,
C&acirc;ndido Mendes,2102606,c&acirc;ndido-mendense,JOSE BONIF&Aacute;CIO ROCHA DE JESUS,1643.796,19932,12.19,20413,96.5,0.561,8.16,155203690.4,140626782.79,7205.58,
Cantanhede,2102705,cantanhedense,JOS&Eacute; MARTINHO DOS SANTOS BARROS,773.009,24303,31.44,24976,91.6,0.565,12.24,143892114.42,141982717.43,6900.34,
Capinzal do Norte,2102754,capinzalense,ABNADAR DE SOUSA PEREIRA,590.271,11374,19.27,11664,94.1,0.537,8.77,77475022.37,75735851.64,25967.91,
Carolina,2102804,carolinense,JAYME FONSECA ESP&Iacute;RITO SANTO,6267.602,24062,3.84,24606,95.1,0.634,9.58,150564610.81,140426531.66,21777.14,
Carutapera,2102903,carutaperense,AMIN BARBOSA QUEMEL,1260.569,24238,19.22,24855,98.2,0.574,15.04,130296644.82,125836212.17,8385.15,
Caxias,2103000,caxiense,JOS&Eacute; GENTIL ROSA NETO,5200.625,156973,30.18,163428,95.2,0.624,17.32,995662453.03,977090051.43,12716.38,
Cedral,2103109,cedralense,DANILO RAFAEL FERREIRA MORAES,285.211,10208,35.79,10444,97.9,0.605,9.01,64230604.16,60596498.7,7338.43,
Central do Maranh&atilde;o,2103125,centralense,CLEUDILENE GON&Ccedil;ALVES PRIVADO BARBOSA,319.538,7094,22.20,7233,97.8,0.585,16.53,50814520.55,47191546.61,6627.67,
Centro do Guilherme,2103158,centroguilhermense,JOS&Eacute; AURIC&Eacute;LIO DE MORAIS LEANDRO,1134.646,12342,10.57,12668,91.6,0.542,9.39,137503853.74,133794657.48,7477.72,
Centro Novo do Maranh&atilde;o,2103174,centronovense,JOEDSON ALMEIDA DOS SANTOS,8401.002,16267,1.94,16529,87.7,0.518,14.6,93867871.04,93203066.93,9104.32,
Chapadinha,2103208,chapadinhense,MARIA DUCILENE PONTES CORDEIRO,3248.777,81386,25.06,84202,92.6,0.604,6.38,477492462.29,451476045.24,11083.69,
Cidel&acirc;ndia,2103257,cidelandense,EUSTAQUIO SAMPAIO,1462.809,12878,8.80,13152,98.9,0.600,-,111151344.78,97163962.74,12358.65,
Cod&oacute;,2103307,codoense,FRANCISCO CARLOS DE OLIVEIRA,4361.599,114275,26.20,118295,97.1,0.595,11.74,511219913.86,515239723.47,13364.78,
Coelho Neto,2103406,coelho-netense,BRUNO JOS&Eacute; ALMEIDA E SILVA,976.653,41658,42.64,42918,96.5,0.564,17.6,243469652.92,232803739.38,9291.68,
Colinas,2103505,colinense,RENATO DE SOUSA SANTOS,1978.669,40316,20.38,41745,97.2,0.596,16.92,218064994.76,224685388.58,13349.73,
Concei&ccedil;&atilde;o do Lago-A&ccedil;u,2103554,lagoa&ccedil;uense,ELCILENE PINHEIRO PEREIRA DOS SANTOS,727.132,14915,20.55,15264,97.3,0.512,10.05,120424631.45,114434709.01,8891.36,
Coroat&aacute;,2103604,coroataense,EDIMAR DE AGUIAR FRANCO,2263.691,59566,26.31,61351,95.9,0.576,13.98,267088190.03,271997866.2,8111.96,
Cururupu,2103703,cururupuense,ALDO LUIS BORGES LOPES,1255.667,31558,25.09,32608,96.8,0.612,18.52,151070165.92,140132872.05,8126.4,
Davin&oacute;polis,2103752,davinopolitano,JOSE GONCALVES LIMA,332.249,14404,43.35,14788,98.7,0.607,8.62,89149967.78,84428713.01,14720.3,
Dom Pedro,2103802,dom-pedrense,AILTON MOTA DOS SANTOS,358.493,23053,64.31,23579,96.5,0.622,3.23,107371039.25,96012077.36,11224.99,
Duque Bacelar,2103901,bacelarense,FRANCISCO FL&Aacute;VIO LIMA FURTADO,317.494,10223,32.20,10448,95.8,0.533,27.32,91960502.07,89955587.98,7591.12,
Esperantin&oacute;polis,2104008,esperantinopense,SIMONE VARGAS CARNEIRO DE LIMA,452.402,18311,40.47,18725,97.2,0.586,13.25,113665951.48,111651386.53,9369.44,
Estreito,2104057,estreitense,LEOARREN T&Uacute;LIO DE SOUSA CUNHA,2719.964,33294,12.24,34353,93.4,0.659,8.06,246557368.22,205703405.02,26423.96,
Feira Nova do Maranh&atilde;o,2104073,nova-feirense,LUIZA COUTINHO MACEDO,1626.053,8048,4.95,8236,94.9,0.532,19.23,49769029.98,47605266.71,13874.85,
Fernando Falc&atilde;o,2104081,fernandense,RAIMUNDA DA SILVA ALMEIDA,5086.591,10873,2.14,11184,91.3,0.443,39.37,77929532.77,77796295.76,9511.64,
Formosa da Serra Negra,2104099,formosense,JUCENI OLIVEIRA SILVA,3690.610,17719,4.80,18133,95,0.556,4.31,113451247.15,105646122.88,10408.29,
Fortaleza dos Nogueiras,2104107,fortalezense,FERNANDA LIMA NOGUEIRA DOS SANTOS,1853.406,12640,6.82,12951,97.6,0.616,17.86,72681774.06,65527823.13,27382.7,
Fortuna,2104206,fortunense,SEBASTI&Atilde;O PEREIRA DA COSTA NETO,835.668,16976,20.33,17346,97.3,0.580,3.73,109844062.84,102317735.03,8046.3,
Godofredo Viana,2104305,godofredense,MARCIO HEBERTE VIANA ABREU,725.707,10186,14.14,10422,96.9,0.604,22.39,115251859.43,109468153.07,219655.83,
Gon&ccedil;alves Dias,2104404,gon&ccedil;alvino,SUANE MARIA BARROS DIAS,883.588,17206,19.47,17579,96.9,0.568,5.18,90676186.83,81951905.76,8360.04,
Governador Archer,2104503,archense,ANTONIA LEIDE FERREIRA DA SILVA OLIVEIRA,445.856,10231,22.95,10472,96.6,0.565,13.99,65352262.16,66348877.76,8409.54,
Governador Edison Lob&atilde;o,2104552,edison-lobense,FL&Aacute;VIO SOARES LIMA,615.957,18411,29.89,18908,97.6,0.629,15.43,105203307.34,101645663.46,20012.29,
Governador Eug&ecirc;nio Barros,2104602,eugenio-barrense,FRANCISCO CARNEIRO RIBEIRO,647.015,13930,21.50,14258,98.5,0.572,25.77,84077428.01,74674873.39,8056.04,
Governador Luiz Rocha,2104628,luiz-rochense,JOSE ORLANILDO SOARES DE OLIVEIRA,401.587,7063,17.59,7219,98.6,0.544,-,50993743.65,47680628.97,9024.42,
Governador Newton Bello,2104651,newton-belense,DANIEL LIMA ROSA,1144.146,10713,9.36,10981,95.2,0.521,24.19,72589340.46,68471351,8318.48,
Governador Nunes Freire,2104677,nunes-freirense,LUIS FERNANDO DE CASTRO BRAGA,1049.208,23128,22.30,23563,96.3,0.569,12.89,166561959.15,165521467.93,10117.49,
Gra&ccedil;a Aranha,2104701,gra&ccedil;aranhense,UBIRAJARA RAYOL SOARES,271.445,6023,22.19,6161,97.3,0.570,16.39,41182734.84,37694072.08,8651.28,
Graja&uacute;,2104800,grajauense,ANTONIO GILSON BOMFIM DA SILVA,8861.718,73872,8.34,76578,96.3,0.609,14.53,410559775.26,414086129.27,16265.45,
Guimar&atilde;es,2104909,vimaranense,ARIOMAGNO FERREIRA CARTAGENES,478.857,10290,21.49,10470,93.8,0.625,-,60485292.28,56611553.47,7806.63,
Humberto de Campos,2105005,humbertoense,LUIS FERNANDO SILVA DOS SANTOS,1714.625,25680,14.98,26546,97,0.535,15.58,155071007.44,141381126.87,6327.78,
Icatu,2105104,icatuense,WALACE AZEVEDO MENDES,1124.446,24794,22.05,25332,94.9,0.546,13.33,136891337.52,136854407.76,6526.37,
Igarap&eacute; do Meio,2105153,igarapeense,ALDENIRA CARREIRO SILVA,368.704,13974,37.90,14350,96.6,0.569,8.7,128324819.11,123513330.9,25617.96,
Igarap&eacute; Grande,2105203,igarap&eacute;-grandense,JO&Atilde;O VITOR PEIXOTO MOURA XAVIER,346.218,10231,29.55,10463,98.7,0.614,6.41,82708156.03,77280571.99,10281.52,
Imperatriz,2105302,imperatrizense,RILDO DE OLIVEIRA AMARAL,1369.039,273110,199.49,285146,98.4,0.731,13.92,1308298580.79,1289823638.26,29592.7,
Itaipava do Graja&uacute;,2105351,itaipavense,JOVALDO CARDOSO OLIVEIRA JUNIOR,1244.398,13828,11.11,14143,97,0.518,8.13,93642205.74,88865095.45,6641.29,
Itapecuru Mirim,2105401,itapecuruense,LUIS FILLIPE TORRES FILGUEIRA,1480.641,60440,40.82,62269,94.2,0.599,20.02,290188868.93,293223644.05,11164.32,
Itinga do Maranh&atilde;o,2105427,itinguense,LENY PAULA FIRMIANO AGUIAR,3583.423,22513,6.28,22934,97.1,0.630,3.91,158039437.05,144975162.76,18721.59,
Jatob&aacute;,2105450,jatobaense,LEONARDO CESAR RIBEIRO SOUSA,591.637,7471,12.63,7610,97.9,0.561,18.35,50462431.83,45458533.04,7234.91,
Jenipapo dos Vieiras,2105476,jenipapense,ARNOBIO DE ALMEIDA MARTINS,1962.362,17076,8.70,17499,80.7,0.490,43.06,95720017.72,89342493.22,7344.62,
Jo&atilde;o Lisboa,2105500,jo&atilde;o-lisboense,F&Aacute;BIO VALE DE HOLANDA,1135.080,24709,21.73,25287,99.3,0.641,25.51,143976813.68,138859059.74,11431.55,
Josel&acirc;ndia,2105609,joselandense,RAIMUNDO DA SILVA SANTOS,703.094,14924,21.23,15235,97.7,0.561,17.32,91498926.82,84257866.19,7182.9,
Junco do Maranh&atilde;o,2105658,juncoense,JOSE RICARDO DE ALMEIDA RIBEIRO,568.499,5146,9.05,5275,98.3,0.552,-,38108483.57,30008875.5,14239.39,
Lago da Pedra,2105708,lago-pedrense,MAURA JORGE ALVES DE MELO RIBEIRO,1240.444,44403,35.80,45875,97.7,0.589,13.02,226815143.83,232270882.71,10802.34,
Lago do Junco,2105807,juncoense,ATAIDE MIRANDA SOUSA,328.525,9506,28.94,9700,94.5,0.581,25.21,72040126.68,69657498.45,7950.66,
Lago Verde,2105906,lago-verdense,ALEX CRUZ ALMEIDA,631.455,14769,23.39,15077,97.1,0.557,27.27,85478393.47,83929689.27,8294.05,
Lagoa do Mato,2105922,lagoense,NILTON NEDES RIBEIRO GUIMAR&Atilde;ES,1512.985,10572,6.99,10809,97.7,0.566,36.36,60103766.1,60950310.98,8601.56,
Lago dos Rodrigues,2105948,lago-rodriguense,RAIMUNDO ALVES CARVALHO,220.776,8758,39.67,8961,97.3,0.602,9.35,53827045.17,51924675.55,9500.91,
Lagoa Grande do Maranh&atilde;o,2105963,lagoa-grandense,FRANCISCO NERES MOREIRA POLICARPO,744.199,11411,15.33,11710,95.9,0.502,4.03,69183357.69,63835198.9,8882.77,
Lajeado Novo,2105989,lajeadense,ITAIRES LOBO SANTOS DE ANDRADE,1063.620,7057,6.63,7227,98.4,0.589,9.8,54907996.21,48080305.23,13260.77,
Lima Campos,2106003,lima-campense,JAILSON FAUSTO ALVES,321.932,11297,35.09,11558,98,0.581,11.43,85918647.35,91461420.2,22990.34,
Loreto,2106102,lorentense,GERMANO MARTINS COELHO,3596.740,11597,3.22,11876,96.7,0.582,-,74164418.24,68887075.87,33679.95,
Lu&iacute;s Domingues,2106201,lu&iacute;s-dominguense,EMANUEL IZAQUE OLIVEIRA CIRINO,467.251,7161,15.16,7351,98.1,0.588,29.13,49785391.05,45575837.28,8174.33,
Magalh&atilde;es de Almeida,2106300,magalhense,RAIMUNDO NONATO CARVALHO,434.433,13807,31.78,14001,97.1,0.567,6.54,124738699.91,124543377.27,6970.01,
Maraca&ccedil;um&eacute;,2106326,maraca&ccedil;umeense,RUZINALDO GUIMARAES DE MELO,635.758,21149,33.27,21686,98.3,0.582,7.02,124603861.4,122311987.17,9510.69,
Maraj&aacute; do Sena,2106359,marajaense,ADONILSON DO NASCIMENTO LIMA,1402.593,7027,5.01,7165,91.2,0.452,22.99,56815304.3,55785859.9,11708.59,
Maranh&atilde;ozinho,2106375,maranh&atilde;ozinhense,MARIA DEUSA LIMA ALMEIDA,781.676,13761,18.08,14086,89.9,0.550,18.26,128083589.97,126872379.4,7218.19,
Mata Roma,2106409,mata-romense,BESALIEL FREITAS ALBUQUERQUE,548.581,17090,31.15,17537,96.3,0.570,15.44,124452633.63,116430459.51,10468.37,
Matinha,2106508,matinhense,NILTON CARLOS SILVA EVERTON,410.633,22034,53.66,22530,96.8,0.619,10.1,119264330.66,111296055.32,8341.52,
Mat&otilde;es,2106607,matoense,RAIMUNDO NONATO MEDEIROS CARVALHO,2108.671,32174,15.26,33300,97.5,0.550,20.15,200963405.48,191384426.96,7519.44,
Mat&otilde;es do Norte,2106631,norte-mat&otilde;ense,SOLIMAR ALVES DE OLIVEIRA,794.454,17432,21.94,17945,94.9,0.533,44.44,100416392.67,88058370.6,5737.04,
Milagres do Maranh&atilde;o,2106672,milagrense,JOS&Eacute; AUGUSTO CARDOSO CALDAS,634.818,8818,13.89,9048,97.5,0.527,-,73135955.81,69627223.32,7569.41,
Mirador,2106706,miradoense,MARIA DOMINGAS GOMES CABRAL SANTANA,8522.881,21030,2.47,21518,96.1,0.545,23.74,115109523.85,109149289.83,13202.25,
Miranda do Norte,2106755,mirandense-do-norte,IVALDO MARCELO RIBEIRO PEREIRA,341.107,23864,69.96,24377,93.8,0.610,25.83,118086381.26,115474080.51,27081.27,
Mirinzal,2106805,mirinzalense,DAYVISON RIBEIRO SOARES,686.944,13978,20.35,14297,97.6,0.622,10.42,86406004.27,76699834.41,7442.26,
Mon&ccedil;&atilde;o,2106904,mon&ccedil;onense,BARBARA NUSSRALA CARVALHO,1245.548,27751,22.28,28606,97.2,0.546,12.22,192567772.39,170766425.6,7604.26,
Montes Altos,2107001,montesaltense,DOMINGOS PINHEIRO CIRQUEIRA,1489.198,9106,6.12,9309,97.7,0.575,7.09,55623094.9,49306863.98,9543.41,
Morros,2107100,morroense,MILTON JOSE SOUSA SANTOS,1712.121,18554,10.84,18994,96.2,0.548,18.12,122359086.87,111360224.68,7607.88,
Nina Rodrigues,2107209,ninense,JO&Atilde;O FRANCISCO JONES FORTES BRAGA,570.938,14176,24.83,14551,95.6,0.585,20.51,89240891.68,87582217.53,5971.88,
Nova Colinas,2107258,nova-colinense,MARIANA PINTO RIBEIRO MACEDO,743.085,5021,6.76,5144,96.7,0.566,-,43247717.6,39428571.94,15805.56,
Nova Iorque,2107308,nova-iorquino,DANIEL FRANCO DE CASTRO,978.340,4320,4.42,4412,97.5,0.584,-,44029817.39,40892037.42,10887.92,
Nova Olinda do Maranh&atilde;o,2107357,novaolindense,ARY MENEZES FERNANDES,2452.615,14314,5.84,14468,98.1,0.581,29.41,104814452.09,97937529.93,8629.42,
Olho d'&Aacute;gua das Cunh&atilde;s,2107407,olho-daguense,CLEDIVAL DE ALCANTARA SOUZA,695.333,17919,25.77,18295,95.7,0.589,14.22,145002285.22,127929451.77,9604.66,
Olinda Nova do Maranh&atilde;o,2107456,olindense,VALDENIR PENHA DINIZ,199.879,13577,67.93,13909,98.1,0.575,7.09,75762616.39,70978062.06,7169.1,
Pa&ccedil;o do Lumiar,2107506,luminense,FREDERICO DE ABREU SILVA CAMPOS,127.193,145643,1145.06,152306,96,0.724,14.17,323409418.67,315196860.45,9903.22,
Palmeir&acirc;ndia,2107605,palmeirandense,EDILSON CAMPOS GOMES DE CASTRO JUNIOR,532.162,21059,39.57,21606,97,0.556,13.22,90535370.81,88379474.63,7012.83,
Paraibano,2107704,paraibanense,VANESSA QUEIROZ FURTADO FERRO,530.517,18274,34.45,18619,96,0.580,7.33,96072430.56,89917174.02,8501.35,
Parnarama,2107803,parnaramense,JUVENAL FRANCISCO CARVALHO E SILVA,3246.503,31250,9.63,32256,97.1,0.542,14.93,211052738.39,202989315.13,9200.29,
Passagem Franca,2107902,passagense,FRANCISCO MENEZES SOUZA,1358.327,17220,12.68,17592,97,0.532,26.82,96434502.47,91499268.12,10394.2,
Pastos Bons,2108009,pastos-bonense,ENOQUE FERREIRA MOTA NETO,1635.181,18802,11.50,19246,97.4,0.610,18.43,180177335.8,163741835.03,15718.51,
Paulino Neves,2108058,paulinoense,RAIMUNDO DE OLIVEIRA FILHO,979.482,17056,17.41,17523,97.9,0.561,20,124773299.35,117820482.84,7263.57,
Paulo Ramos,2108108,paulo-ramense,ADAILSON DO NASCIMENTO LIMA,1168.609,20341,17.41,20792,97.8,0.549,5.78,145753403.38,139217083.78,9206.4,
Pedreiras,2108207,pedreirense,VANESSA DOS PRAZERES SANTOS,261.814,37050,141.38,38267,97.5,0.682,12.74,200466551.34,190022939.02,20119.04,
Pedro do Ros&aacute;rio,2108256,pedro-rosariense,DOMINGOS ERINALDO SOUSA SERRA,1753.867,24320,13.87,24917,98.1,0.516,14.25,196250722.92,173365427.81,6177.79,
Penalva,2108306,penalvense,LUIZ HENRIQUE ALVES GUERRA,800.916,32511,40.59,33534,97.8,0.554,20.18,168243671.9,167774736.61,6509.64,
Peri Mirim,2108405,perimiriense,HELIEZER DE JESUS SOARES,397.993,11108,27.91,11277,97.2,0.599,65.22,69187243.03,67691749.79,6677.29,
Peritor&oacute;,2108454,peritoroense,JOSUE PINHO DA SILVA JUNIOR,824.721,20479,24.83,20910,95.5,0.564,18.05,144832534.67,138444421.66,9794.8,
Pindar&eacute;-Mirim,2108504,pindareense,ALEXANDRE COLARES BEZERRA JUNIOR,268.285,31429,117.15,32521,98,0.633,9.52,199419360.33,207890566.21,8926.87,
Pinheiro,2108603,pinheirense,CARLOS ANDRE COSTA SILVA,1512.969,84621,55.93,87919,96.6,0.637,16.79,345830133.7,351049682.76,12358.06,
Pio XII,2108702,piodocense,AUR&Eacute;LIO PEREIRA DE SOUSA,545.217,21886,40.15,22369,94.8,0.541,14.71,148667385.62,150453465.15,8995.4,
Pirapemas,2108801,pirapemense,LUIS FERNANDO ABREU CUTRIM,688.761,17714,25.72,18120,93.8,0.576,5.65,103031210.82,95953594.67,6952.31,
Po&ccedil;&atilde;o de Pedras,2108900,po&ccedil;&atilde;o-pedrense,JHULIO SOUSA DA SILVA,990.663,17161,17.33,17444,97.5,0.576,-,120569302.88,117463004.22,9416.88,
Porto Franco,2109007,porto-franquino,DEOCLIDES ANTONIO SANTOS NETO MACEDO,1421.011,23903,16.83,24517,97.7,0.684,18.52,200018185.93,193191967.24,42237.94,
Porto Rico do Maranh&atilde;o,2109056,porto-riquense,ALDENE NOGUEIRA PASSINHO,244.979,5954,24.30,6091,99.2,0.615,16.13,50302893.12,44586299.4,7726.92,
Presidente Dutra,2109106,presidutrense,RAIMUNDO ALVES CARVALHO,771.574,45155,58.52,46578,96.4,0.653,13.16,254547154.37,229432882.36,15659.03,
Presidente Juscelino,2109205,juscelinense,PEDRO PAULO CANTANHEIDE LEMOS,355.568,11356,31.94,11616,98.3,0.563,16.85,73202916.81,66140493.12,6530.55,
Presidente M&eacute;dici,2109239,medicense,JANILSON DOS SANTOS COELHO,437.687,4696,10.73,4748,95.8,0.591,22.73,47787181.93,45844467.79,8519.79,
Presidente Sarney,2109270,sarneyense,ALBERTO GILSON MORAES DE SOUSA,726.176,17511,24.11,17913,97.5,0.557,13.75,132492358.18,140689247.66,8586.92,
Presidente Vargas,2109304,presvarguense,FABIANA RODRIGUES MENDES,460.004,10549,22.93,10791,94.7,0.587,16.57,88643892.2,90026172.89,6725.89,
Primeira Cruz,2109403,primeira-cruzense,GUILHERME CARNEIRO AGUIAR,1337.161,13614,10.18,13922,95.8,0.512,19.87,104051726.46,123642477.03,5732.25,
Raposa,2109452,raposense,EUDES DA SILVA BARROS,79.213,30839,389.32,32054,96.6,0.626,4.56,193708636.24,169501959.95,9060.95,
Riach&atilde;o,2109502,riach&atilde;oense,JOANA PAULA COELHO DE OLIVEIRA,6402.830,22145,3.46,22699,95.6,0.576,6.43,112031535.07,99153945.35,33184.18,
Ribamar Fiquene,2109551,fiquenense,COCIFLAN SILVA DO AMARANTE,733.458,7420,10.12,7597,97.2,0.615,9.9,51006102.04,38730328.84,15804.57,
Ros&aacute;rio,2109601,rosariense,JONAS MAGNO MACHADO MORAES,647.998,38475,59.38,39763,96.3,0.632,25.53,165024317.97,164711042.42,10249.99,
Samba&iacute;ba,2109700,sambaibense,MARIA DE F&Aacute;TIMA RIBEIRO DANTAS,2475.900,5568,2.25,5701,96.4,0.565,-,54434125.36,45379607.7,83488.56,
Santa Filomena do Maranh&atilde;o,2109759,santa-filomenense,SALOM&Atilde;O BARBOSA DE SOUSA,623.213,6697,10.75,6839,99,0.525,25.32,48114210.89,48608097.12,7643.59,
Santa Helena,2109809,santa-helenense,JOAO JORGE JINKINGS PAV&Atilde;O FILHO,2191.164,41561,18.97,43112,92.6,0.571,14.81,232254147.5,233530160.69,8359.57,
Santa In&ecirc;s,2109908,santa-inesense,LUIS FELIPE OLIVEIRA DE CARVALHO,786.689,85014,108.07,88167,97.1,0.674,15.43,414699561.87,407708913.36,16303.11,
Santa Luzia,2110005,santa-luziense,JUSCELINO DA CRUZ FILGUEIRA JUNIOR,4837.168,57635,11.92,59037,95,0.550,11.52,319342041.92,334191378.41,10171.02,
Santa Luzia do Paru&aacute;,2110039,santa-luziense-do-paru&aacute;,ANTONIO VILSON MARREIROS FERRAZ,1010.483,24307,24.05,24870,97.2,0.599,29.89,138114332.45,125630690.8,9940.98,
Santa Quit&eacute;ria do Maranh&atilde;o,2110104,quiteriense,S&Acirc;MIA COELHO MOREIRA CARVALHO,1430.330,23957,16.75,24489,95.6,0.555,7.13,192799795.99,173431861.94,8441.37,
Santa Rita,2110203,santa-ritense,MILTON AQUINO GON&Ccedil;ALO MOTA JUNIOR,756.797,37035,48.94,38446,97.5,0.609,11.49,189512168.2,190864746.81,9157.47,
Santana do Maranh&atilde;o,2110237,santanense,M&Aacute;RCIO JOS&Eacute; MAGNO SANTIAGO,932.030,10567,11.34,10777,95.8,0.510,18.52,47993406.82,53284818.8,5407.66,
Santo Amaro do Maranh&atilde;o,2110278,santamarense,LEANDRO OLIVEIRA DA SILVA,1582.806,13949,8.81,14280,94.1,0.518,5.95,97931719.09,89932851.46,5916.27,
Santo Ant&ocirc;nio dos Lopes,2110302,santo-antoense,CIBELLE TRABULSI NAPOLE&Atilde;O MENDON&Ccedil;A DA SILVA,770.923,14304,18.55,14623,98.2,0.566,14.63,194514805.71,180934871.5,210498.16,
S&atilde;o Benedito do Rio Preto,2110401,s&atilde;o-beneditense,WALLAS GON&Ccedil;ALVES ROCHA,931.485,18364,19.71,18793,95.7,0.541,17.7,128231320.43,120194043.9,7644.43,
S&atilde;o Bento,2110500,s&atilde;o-bentuense,CARLOS DINO PENHA,456.997,46395,101.52,48036,95.7,0.602,16.2,217376182.45,197235057.87,6789.21,
S&atilde;o Bernardo,2110609,bernardense,FRANCISCO DAS CHAGAS CARVALHO,1005.824,26943,26.79,27887,94.9,0.572,16.53,236795684.34,250529210.12,9756.48,
S&atilde;o Domingos do Azeit&atilde;o,2110658,s&atilde;o-dominguense,LOURIVAL LEANDRO DOS SANTOS JUNIOR,961.153,7992,8.31,8213,96.9,0.590,-,53317946.2,52222048.01,43036.91,
S&atilde;o Domingos do Maranh&atilde;o,2110708,s&atilde;o-dominguense,KLEBER ALVES DE ANDRADE,1151.978,34034,29.54,35221,97.8,0.582,18.55,184280098.55,171090479.32,10350.64,
S&atilde;o F&eacute;lix de Balsas,2110807,s&atilde;o-felense,HEIDER MARTINS NUNES,2033.290,4402,2.17,4495,95.9,0.557,22.73,42867228.78,41236138.75,18980.02,
S&atilde;o Francisco do Brej&atilde;o,2110856,brej&atilde;oense,EDINALVA BRANDAO GONCALVES,745.357,9051,12.14,9222,96.1,0.584,19.05,71332117.76,66108933.27,10037.61,
S&atilde;o Francisco do Maranh&atilde;o,2110906,s&atilde;o-franciscano,FRANCISCO NETO RODRIGUES DE SOUSA,2284.217,12064,5.28,12353,94.8,0.528,21.28,66550248.06,64047792.82,8097.27,
S&atilde;o Jo&atilde;o Batista,2111003,juanino ou joanino,EMERSON LIVIO SOARES PINTO,649.956,18544,28.53,18909,96.9,0.598,18.96,96505720.06,90666149.99,6540.54,
S&atilde;o Jo&atilde;o do Car&uacute;,2111029,caruense,ANTONIO BRUNO CARDOSO DOS SANTOS,910.065,12251,13.46,12421,97,0.509,29.27,82447704.54,78430427.25,7803.06,
S&atilde;o Jo&atilde;o do Para&iacute;so,2111052,paraisense,MARCOS VINICIUS DE FRAN&Ccedil;A FERREIRA,2052.328,9904,4.83,10105,98,0.609,6.85,66882012.55,64747865.63,13516.41,
S&atilde;o Jo&atilde;o do Soter,2111078,sotense,MARIA DO CARMO CAVALCANTE LACERDA,1438.066,16889,11.74,17254,97.3,0.517,8.4,118299959.7,109807301.39,8343.29,
S&atilde;o Jo&atilde;o dos Patos,2111102,patoense,ALEXANDRE MAGNO PEREIRA GOMES,1483.256,25020,16.87,25891,97.8,0.615,-,145376611.13,136993969.12,13084.13,
S&atilde;o Jos&eacute; de Ribamar,2111201,ribamarense,J&Uacute;LIO CESAR DE SOUZA MATOS,180.363,244579,1356.04,257414,97.1,0.708,16.09,1000071957.34,1019253252.44,12719.88,
S&atilde;o Jos&eacute; dos Bas&iacute;lios,2111250,basiliense,RONALDO VIEIRA DE SOUSA JUNIOR,353.720,6957,19.67,7102,97.7,0.557,13.89,48047862.25,45639057.96,8110.03,
S&atilde;o Lu&iacute;s,2111300,s&atilde;o-luisense ou ludovicense,EDUARDO SALIM BRAIDE,583.063,1037775,1779.87,1088057,96.8,0.768,16.7,6103844357.76,5398988314.88,32739.65,
S&atilde;o Lu&iacute;s Gonzaga do Maranh&atilde;o,2111409,gonzaguense,EMANOEL CARVALHO FILHO,909.164,17818,19.60,18153,94.4,0.540,3.97,127827756.35,116232960.14,9144.38,
S&atilde;o Mateus do Maranh&atilde;o,2111508,s&atilde;o-mateuense,HAMILTON NOGUEIRA ARAG&Atilde;O,800.045,38829,48.53,40160,95.3,0.616,20.9,219535582.18,230479805.54,10282.41,
S&atilde;o Pedro da &Aacute;gua Branca,2111532,agua-braquense,SAMUEL KESLEY RIBEIRO DE SOUZA,720.461,14338,19.90,14736,96.3,0.605,24.79,86658434.4,66851477.03,9987.76,
S&atilde;o Pedro dos Crentes,2111573,s&atilde;o-pedrense,R&Ocirc;MULO COSTA ARRUDA,979.559,5783,5.90,5965,97,0.600,10.2,47154130.12,40675004.2,17777.02,
S&atilde;o Raimundo das Mangabeiras,2111607,mangabeirense,ACCIOLY CARDOSO LIMA E SILVA,3523.940,18672,5.30,19129,98.2,0.610,7.58,119438940.71,108984836.14,38745.98,
S&atilde;o Raimundo do Doca Bezerra,2111631,s&atilde;o-raimundense,ANTONIO JACINTO DE MELO NETO,419.550,5650,13.47,5767,97.8,0.516,12.2,46095436.22,44002486.93,8744.58,
S&atilde;o Roberto,2111672,s&atilde;o-robertense,DANIELLY COELHO TRABULSI NASCIMENTO,226.811,4544,20.03,4602,96.4,0.516,12.35,47976765.04,47166957.23,6677.17,
S&atilde;o Vicente Ferrer,2111706,vicentino,ADRIANO MACHADO DE FREITAS,393.928,19498,49.50,19885,97.3,0.592,30.46,104620587.36,104361454.75,6493.02,
Satubinha,2111722,satubinhense,ORLANDO PIRES FRANKLIN,441.811,8784,19.88,8880,88.4,0.493,-,86947283.93,76983305.26,6522.36,
Senador Alexandre Costa,2111748,alexandrecostense,NILO TAYRONE AROUCHE AMORIM,426.431,10207,23.94,10445,95.3,0.538,35.21,71442537.15,69921330.06,9025.36,
Senador La Rocque,2111763,laroquense,BARTOLOMEU GOMES ALVES,737.078,14700,19.91,15035,98.8,0.602,4.69,88228284.58,82300083.41,13387.31,
Serrano do Maranh&atilde;o,2111789,serranense,VALDINE DE CASTRO CUNHA,1185.310,10202,8.75,10461,95.6,0.519,11.05,106534017.73,100099684.05,7006.1,
S&iacute;tio Novo,2111805,sitio-novense,ANTONIO COELHO RODRIGUES,3114.683,17074,5.48,17457,95.1,0.564,7.41,112038403.43,110326323.58,12147.76,
Sucupira do Norte,2111904,sucupirense,MARCONY DA SILVA DOS SANTOS,1074.435,10238,9.53,10471,97,0.579,6.67,68227059.71,60020595.34,11874.38,
Sucupira do Riach&atilde;o,2111953,sucupirense,WALTERLINS RODRIGUES DE AZEVEDO,862.226,4985,5.78,5088,96.5,0.568,31.25,36483192.07,36103700.71,8434.63,
Tasso Fragoso,2112001,fragosense,KELSON RICHARD CARVALHO HOLANDA VIEIRA,4369.316,8862,2.03,9106,96.8,0.599,15.15,81775678.5,72052751.38,272095.76,
Timbiras,2112100,timbirense,PAULO VINICIUS LIMA DA SILVA,1486.584,26484,17.82,27344,92.4,0.537,7.14,136804287.54,137031381.21,6716.09,
Timon,2112209,timonense,RAFAEL DE BRITO SOUSA,1763.220,174465,98.95,182241,96.9,0.649,15.16,810817124.99,795065398.17,13547.65,
Trizidela do Vale,2112233,trizidelense,DEIBSON PEREIRA FREITAS,291.610,22484,77.10,23052,96.6,0.606,9.35,132543858.9,128694982.73,23648.98,
Tufil&acirc;ndia,2112274,tufilandense,HENRIQUE EMANOEL RICARDO SANTOS,270.934,5507,20.33,5633,99.4,0.555,36.59,51108451.49,54694503.94,10236.97,
Tuntum,2112308,tuntuense,FERNANDO PORTELA TELES PESSOA,3369.119,36251,10.76,37401,96.2,0.572,17.62,230378870.98,240607003.98,8646.78,
Turia&ccedil;u,2112407,turiense,EDESIO JOAO CAVALCANTI,2622.281,37491,14.30,38905,96.7,0.561,14.9,203538309.97,200639626.43,8264.7,
Turil&acirc;ndia,2112456,turilandense,JOS&Eacute; PAULO DANTAS SILVA NETO,1507.976,31638,20.99,33032,93.9,0.536,19.48,177719557.7,167631635.63,8544.48,
Tut&oacute;ia,2112506,tutoiense,FRANCISCO CARDOSO RODRIGUES,1566.081,53356,34.07,55041,96.6,0.561,12.92,264757286.36,253474861.31,9115.54,
Urbano Santos,2112605,urbano-santense,CLEMILTON BARROS ARAUJO,1706.196,32812,19.22,34060,95.7,0.588,15.63,184923231.84,188453088.38,7325.64,
Vargem Grande,2112704,vargem-grandense,RAIMUNDO NONATO RODRIGUES DA COSTA,1958.702,43261,22.09,44540,88.9,0.542,13.45,311582306.5,307500068.84,7499.62,
Viana,2112803,vianense,CARLOS AUGUSTO FURTADO CIDREIRA,1166.745,51442,44.09,53115,97.5,0.618,17.52,247614006.38,238376322.71,9280.44,
Vila Nova dos Mart&iacute;rios,2112852,vila-novense,JORGE VIEIRA DOS SANTOS FILHO,1190.008,10362,8.71,10575,93,0.581,18.29,98554735.13,98623675.44,11372.37,
Vit&oacute;ria do Mearim,2112902,vitoriense,RAIMUNDO NONATO EVERTON SILVA,715.625,30805,42.98,31851,98.3,0.596,28.17,166985823.26,168019990.36,9656.01,
Vitorino Freire,2113009,vitorinense,ADEMAR ALVES MAGALH&Atilde;ES,1193.386,30845,25.85,31906,97.3,0.570,14.46,173193137.61,170746837.72,10328.9,
Z&eacute; Doca,2114007,z&eacute;-doquense,FLAVIANA VILAR RODRIGUES,2140.109,40801,19.06,41943,95.3,0.595,16.45,345636639.49,311326438.27,10867.33,

<table class="fontes-container"><tr><th>Notas:</th></tr><tr><td>Escolariza&ccedil;&atilde;o <span>6 a 14 anos</span>: [população residente no município de 6 a 14 anos de idade matriculada no ensino regular/total de população residente no município de 6 a 14 anos de idade] x 100</td></tr><tr><th>Fontes:</th></tr><tr><td>Área Territorial: Área territorial brasileira 2022. Rio de Janeiro: IBGE, 2023</td></tr><tr><td>Popula&ccedil;&atilde;o no &uacute;ltimo censo: Censo 2022: População e Domicílios - Primeiros Resultados - Atualizado em 22/12/2023</td></tr><tr><td>Densidade demogr&aacute;fica: Censo 2022: População e Domicílios - Primeiros Resultados - Atualizado em 22/12/2023</td></tr><tr><td>Popula&ccedil;&atilde;o estimada: IBGE, Diretoria de Pesquisas, Coordenação de População e Indicadores Sociais, Estimativas da população residente com data de referência 1o de julho de 2024</td></tr><tr><td>Escolariza&ccedil;&atilde;o <span>6 a 14 anos</span>: IBGE, Censo Demográfico 2010</td></tr><tr><td>IDHM <span>&Iacute;ndice de desenvolvimento humano municipal</span>: Programa das Nações Unidas para o Desenvolvimento - PNUD</td></tr><tr><td>Mortalidade infantil: Ministério da Saúde, Departamento de Informática do Sistema Único de Saúde - DATASUS 2022</td></tr><tr><td>Total de receitas brutas realizadas: Siconfi: Sistema de Informações Contábeis e Fiscais do Setor Público Brasileiro. Brasília, DF, [2023]. Disponível em: https://siconfi.tesouro.gov.br/siconfi/pages/public/consulta_finbra/finbra_list.jsf. Acesso em: jun. 2024, Contas anuais. Receitas orçamentárias realizadas (Anexo I-C) 2023 e Despesas orçamentárias empenhadas (Anexo I-D) 2023. In: Brasil. Secretaria do Tesouro Nacional</td></tr><tr><td>Total de despesas brutas empenhadas: Siconfi: Sistema de Informações Contábeis e Fiscais do Setor Público Brasileiro. Brasília, DF, [2023]. Disponível em: https://siconfi.tesouro.gov.br/siconfi/pages/public/consulta_finbra/finbra_list.jsf. Acesso em: jun. 2024, Contas anuais. Receitas orçamentárias realizadas (Anexo I-C) 2023 e Despesas orçamentárias empenhadas (Anexo I-D) 2023. In: Brasil. Secretaria do Tesouro Nacional</td></tr><tr><td>PIB per capita: IBGE, em parceria com os Órgãos Estaduais de Estatística, Secretarias Estaduais de Governo e Superintendência da Zona Franca de Manaus - SUFRAMA</td></tr></table>